Workbook
Name CategoryOptions: Settings!$F$2:INDEX(Settings!$F$2:$F$902,Settings!$I$3+1)
Name ZoneOptions: Settings!$D$2:INDEX(Settings!$D$2:$D$902,Settings!$I$2+1)

Sheet Dashboard
B2: Fresh Cart Grocery Performance Dashboard
B4: Start date | F4: End date | J4: Zone | P4: Category | X4: Delivery target minutes
B5: =MIN(Clean_Data[OrderDate]) -> 46266 | F5: =MAX(Clean_Data[OrderDate]) -> 46295 | J5: All | P5: All | X5: 30
B7: NET REVENUE | H7: TOTAL ORDERS | N7: UNIQUE CUSTOMERS | T7: AVG ORDER VALUE | Z7: AVG DELIVERY MIN
B8: =Analysis!B2 -> 310860.65 | H8: =Analysis!B3 -> 900 | N8: =Analysis!B5 -> 284 | T8: =Analysis!B6 -> 372.73459 | Z8: =Analysis!B7 -> 24.310552
B10: Orders include cancellations. Revenue, customers, AOV and delivery metrics use delivered orders.
B40: ORDER HEATMAP
B41: Day | D41: =Analysis!J55 -> Morning | F41: =Analysis!K55 -> Afternoon | H41: =Analysis!L55 -> Evening
B42: =Analysis!I56 -> Mon | D42: =Analysis!J56 -> 31 | F42: =Analysis!K56 -> 39 | H42: =Analysis!L56 -> 50
B43: =Analysis!I57 -> Tue | D43: =Analysis!J57 -> 49 | F43: =Analysis!K57 -> 39 | H43: =Analysis!L57 -> 62
B44: =Analysis!I58 -> Wed | D44: =Analysis!J58 -> 44 | F44: =Analysis!K58 -> 41 | H44: =Analysis!L58 -> 65
B45: =Analysis!I59 -> Thu | D45: =Analysis!J59 -> 41 | F45: =Analysis!K59 -> 38 | H45: =Analysis!L59 -> 41
B46: =Analysis!I60 -> Fri | D46: =Analysis!J60 -> 38 | F46: =Analysis!K60 -> 48 | H46: =Analysis!L60 -> 34
B47: =Analysis!I61 -> Sat | D47: =Analysis!J61 -> 29 | F47: =Analysis!K61 -> 41 | H47: =Analysis!L61 -> 50
B48: =Analysis!I62 -> Sun | D48: =Analysis!J62 -> 34 | F48: =Analysis!K62 -> 49 | H48: =Analysis!L62 -> 37
B50: Darker cells indicate more orders
B53: FULFILMENT | G53: ON TIME | M53: KEY INSIGHTS FOR THE SELECTED PERIOD
B54: =Analysis!B9 -> 0.92666667 | G54: =Analysis!B8 -> 0.75059952 | M54: =IF(Analysis!B2=0,"No delivered revenue in this selection.","Leading category: "&Analysis!L2&" ("&TEXT(Analysis!M2/Analysis!B2,"0.0%")&" of revenue)") -> Leading category: Beverages (26.0% of revenue)
M55: =IF(Analysis!B3=0,"No orders in this selection.","Peak time band: "&INDEX(Analysis!F21:F23,MATCH(MAX(Analysis!G21:G23),Analysis!G21:G23,0))) -> Peak time band: Evening
M56: =IF(Analysis!B4=0,"Delivery performance unavailable.","On-time delivery: "&TEXT(Analysis!B8,"0.0%")&" at "&TEXT(X5,"0")&" minutes") -> On-time delivery: 75.1% at 30 minutes
B57: FULFIL MIN | G57: AVG RATING | M57: =IF(Analysis!B3=0,"Cancellation rate unavailable.","Cancellation rate: "&TEXT(Analysis!B11,"0.0%")) -> Cancellation rate: 7.3%
B58: =Analysis!B10 -> 9.4784173 | G58: =Analysis!B12 -> 4.2505995

Sheet Analysis
A1: Metric | B1: Selected result | H1: Category | I1: Revenue | J1: Rank | L1: Category | M1: Revenue | O1: Product | P1: Revenue | Q1: Rank | T1: Product | U1: Revenue | W1: Zone | X1: Revenue
A2: Net revenue | B2: =SUMIFS(Clean_Data[NetRevenue],Clean_Data[Include],1) -> 310860.65 | H2: =IFERROR(INDEX(Clean!$G$2:$G$901,SMALL(Clean!$AC$2:$AC$901,ROWS($H$2:H2))),"") -> Bakery | I2: =SUMIFS(Clean_Data[NetRevenue],Clean_Data[Category],H2,Clean_Data[Include],1) -> 42028.75 | J2: =RANK(I2,$I$2:$I$7,0)+COUNTIFS($I$2:I2,I2)-1 -> 4 | L2: =INDEX($H$2:$H$7,MATCH(ROW()-1,$J$2:$J$7,0)) -> Beverages | M2: =INDEX($I$2:$I$7,MATCH(ROW()-1,$J$2:$J$7,0)) -> 80955 | O2: =IFERROR(INDEX(Clean!$H$2:$H$901,SMALL(Clean!$AD$2:$AD$901,ROWS($O$2:O2))),"") -> Croissants | P2: =SUMIFS(Clean_Data[NetRevenue],Clean_Data[Product],O2,Clean_Data[Include],1) -> 13342.75 | Q2: =RANK(P2,$P$2:$P$19,0)+COUNTIFS($P$2:P2,P2)-1 -> 10 | T2: =INDEX($O$2:$O$19,MATCH(ROW()-1,$Q$2:$Q$19,0)) -> Coffee | U2: =INDEX($P$2:$P$19,MATCH(ROW()-1,$Q$2:$Q$19,0)) -> 39468 | W2: =IFERROR(INDEX(Clean!$F$2:$F$901,SMALL(Clean!$AB$2:$AB$901,ROWS($W$2:W2))),"") -> Central | X2: =SUMIFS(Clean_Data[NetRevenue],Clean_Data[Zone],W2,Clean_Data[Include],1) -> 64779.95
A3: Total orders | B3: =SUM(Clean_Data[Include]) -> 900 | H3: =IFERROR(INDEX(Clean!$G$2:$G$901,SMALL(Clean!$AC$2:$AC$901,ROWS($H$2:H3))),"") -> Household | I3: =SUMIFS(Clean_Data[NetRevenue],Clean_Data[Category],H3,Clean_Data[Include],1) -> 68024.75 | J3: =RANK(I3,$I$2:$I$7,0)+COUNTIFS($I$2:I3,I3)-1 -> 2 | L3: =INDEX($H$2:$H$7,MATCH(ROW()-1,$J$2:$J$7,0)) -> Household | M3: =INDEX($I$2:$I$7,MATCH(ROW()-1,$J$2:$J$7,0)) -> 68024.75 | O3: =IFERROR(INDEX(Clean!$H$2:$H$901,SMALL(Clean!$AD$2:$AD$901,ROWS($O$2:O3))),"") -> Dish soap | P3: =SUMIFS(Clean_Data[NetRevenue],Clean_Data[Product],O3,Clean_Data[Include],1) -> 18918 | Q3: =RANK(P3,$P$2:$P$19,0)+COUNTIFS($P$2:P3,P3)-1 -> 8 | T3: =INDEX($O$2:$O$19,MATCH(ROW()-1,$Q$2:$Q$19,0)) -> Detergent | U3: =INDEX($P$2:$P$19,MATCH(ROW()-1,$Q$2:$Q$19,0)) -> 36684 | W3: =IFERROR(INDEX(Clean!$F$2:$F$901,SMALL(Clean!$AB$2:$AB$901,ROWS($W$2:W3))),"") -> West | X3: =SUMIFS(Clean_Data[NetRevenue],Clean_Data[Zone],W3,Clean_Data[Include],1) -> 67256
A4: Delivered orders | B4: =SUM(Clean_Data[DeliveredInclude]) -> 834 | H4: =IFERROR(INDEX(Clean!$G$2:$G$901,SMALL(Clean!$AC$2:$AC$901,ROWS($H$2:H4))),"") -> Beverages | I4: =SUMIFS(Clean_Data[NetRevenue],Clean_Data[Category],H4,Clean_Data[Include],1) -> 80955 | J4: =RANK(I4,$I$2:$I$7,0)+COUNTIFS($I$2:I4,I4)-1 -> 1 | L4: =INDEX($H$2:$H$7,MATCH(ROW()-1,$J$2:$J$7,0)) -> Snacks | M4: =INDEX($I$2:$I$7,MATCH(ROW()-1,$J$2:$J$7,0)) -> 43950 | O4: =IFERROR(INDEX(Clean!$H$2:$H$901,SMALL(Clean!$AD$2:$AD$901,ROWS($O$2:O4))),"") -> Detergent | P4: =SUMIFS(Clean_Data[NetRevenue],Clean_Data[Product],O4,Clean_Data[Include],1) -> 36684 | Q4: =RANK(P4,$P$2:$P$19,0)+COUNTIFS($P$2:P4,P4)-1 -> 2 | T4: =INDEX($O$2:$O$19,MATCH(ROW()-1,$Q$2:$Q$19,0)) -> Nuts | U4: =INDEX($P$2:$P$19,MATCH(ROW()-1,$Q$2:$Q$19,0)) -> 30591 | W4: =IFERROR(INDEX(Clean!$F$2:$F$901,SMALL(Clean!$AB$2:$AB$901,ROWS($W$2:W4))),"") -> North | X4: =SUMIFS(Clean_Data[NetRevenue],Clean_Data[Zone],W4,Clean_Data[Include],1) -> 62780.45
A5: Unique delivered customers | B5: =SUM(Customers!C2:C289) -> 284 | H5: =IFERROR(INDEX(Clean!$G$2:$G$901,SMALL(Clean!$AC$2:$AC$901,ROWS($H$2:H5))),"") -> Produce | I5: =SUMIFS(Clean_Data[NetRevenue],Clean_Data[Category],H5,Clean_Data[Include],1) -> 35687 | J5: =RANK(I5,$I$2:$I$7,0)+COUNTIFS($I$2:I5,I5)-1 -> 6 | L5: =INDEX($H$2:$H$7,MATCH(ROW()-1,$J$2:$J$7,0)) -> Bakery | M5: =INDEX($I$2:$I$7,MATCH(ROW()-1,$J$2:$J$7,0)) -> 42028.75 | O5: =IFERROR(INDEX(Clean!$H$2:$H$901,SMALL(Clean!$AD$2:$AD$901,ROWS($O$2:O5))),"") -> Juice | P5: =SUMIFS(Clean_Data[NetRevenue],Clean_Data[Product],O5,Clean_Data[Include],1) -> 13552.75 | Q5: =RANK(P5,$P$2:$P$19,0)+COUNTIFS($P$2:P5,P5)-1 -> 9 | T5: =INDEX($O$2:$O$19,MATCH(ROW()-1,$Q$2:$Q$19,0)) -> Tea | U5: =INDEX($P$2:$P$19,MATCH(ROW()-1,$Q$2:$Q$19,0)) -> 27934.25 | W5: =IFERROR(INDEX(Clean!$F$2:$F$901,SMALL(Clean!$AB$2:$AB$901,ROWS($W$2:W5))),"") -> South | X5: =SUMIFS(Clean_Data[NetRevenue],Clean_Data[Zone],W5,Clean_Data[Include],1) -> 55896.3
A6: Average delivered order value | B6: =IF(B4=0,"n.a.",B2/B4) -> 372.73459 | H6: =IFERROR(INDEX(Clean!$G$2:$G$901,SMALL(Clean!$AC$2:$AC$901,ROWS($H$2:H6))),"") -> Snacks | I6: =SUMIFS(Clean_Data[NetRevenue],Clean_Data[Category],H6,Clean_Data[Include],1) -> 43950 | J6: =RANK(I6,$I$2:$I$7,0)+COUNTIFS($I$2:I6,I6)-1 -> 3 | L6: =INDEX($H$2:$H$7,MATCH(ROW()-1,$J$2:$J$7,0)) -> Dairy | M6: =INDEX($I$2:$I$7,MATCH(ROW()-1,$J$2:$J$7,0)) -> 40215.15 | O6: =IFERROR(INDEX(Clean!$H$2:$H$901,SMALL(Clean!$AD$2:$AD$901,ROWS($O$2:O6))),"") -> Tea | P6: =SUMIFS(Clean_Data[NetRevenue],Clean_Data[Product],O6,Clean_Data[Include],1) -> 27934.25 | Q6: =RANK(P6,$P$2:$P$19,0)+COUNTIFS($P$2:P6,P6)-1 -> 4 | T6: =INDEX($O$2:$O$19,MATCH(ROW()-1,$Q$2:$Q$19,0)) -> Apples | U6: =INDEX($P$2:$P$19,MATCH(ROW()-1,$Q$2:$Q$19,0)) -> 24440 | W6: =IFERROR(INDEX(Clean!$F$2:$F$901,SMALL(Clean!$AB$2:$AB$901,ROWS($W$2:W6))),"") -> East | X6: =SUMIFS(Clean_Data[NetRevenue],Clean_Data[Zone],W6,Clean_Data[Include],1) -> 60147.95
A7: Average delivery minutes | B7: =IF(B4=0,"n.a.",SUMIFS(Clean_Data[DeliveryMinutes],Clean_Data[DeliveredInclude],1)/B4) -> 24.310552 | H7: =IFERROR(INDEX(Clean!$G$2:$G$901,SMALL(Clean!$AC$2:$AC$901,ROWS($H$2:H7))),"") -> Dairy | I7: =SUMIFS(Clean_Data[NetRevenue],Clean_Data[Category],H7,Clean_Data[Include],1) -> 40215.15 | J7: =RANK(I7,$I$2:$I$7,0)+COUNTIFS($I$2:I7,I7)-1 -> 5 | L7: =INDEX($H$2:$H$7,MATCH(ROW()-1,$J$2:$J$7,0)) -> Produce | M7: =INDEX($I$2:$I$7,MATCH(ROW()-1,$J$2:$J$7,0)) -> 35687 | O7: =IFERROR(INDEX(Clean!$H$2:$H$901,SMALL(Clean!$AD$2:$AD$901,ROWS($O$2:O7))),"") -> Bread | P7: =SUMIFS(Clean_Data[NetRevenue],Clean_Data[Product],O7,Clean_Data[Include],1) -> 7582.5 | Q7: =RANK(P7,$P$2:$P$19,0)+COUNTIFS($P$2:P7,P7)-1 -> 15
A8: On time rate | B8: =IF(B4=0,"n.a.",COUNTIFS(Clean_Data[DeliveredInclude],1,Clean_Data[OnTime],1)/B4) -> 0.75059952 | O8: =IFERROR(INDEX(Clean!$H$2:$H$901,SMALL(Clean!$AD$2:$AD$901,ROWS($O$2:O8))),"") -> Tomatoes | P8: =SUMIFS(Clean_Data[NetRevenue],Clean_Data[Product],O8,Clean_Data[Include],1) -> 5917.5 | Q8: =RANK(P8,$P$2:$P$19,0)+COUNTIFS($P$2:P8,P8)-1 -> 16
A9: Fulfilment rate | B9: =IF(B3=0,"n.a.",B4/B3) -> 0.92666667 | O9: =IFERROR(INDEX(Clean!$H$2:$H$901,SMALL(Clean!$AD$2:$AD$901,ROWS($O$2:O9))),"") -> Tissues | P9: =SUMIFS(Clean_Data[NetRevenue],Clean_Data[Product],O9,Clean_Data[Include],1) -> 12422.75 | Q9: =RANK(P9,$P$2:$P$19,0)+COUNTIFS($P$2:P9,P9)-1 -> 11
A10: Average fulfilment minutes | B10: =IF(B4=0,"n.a.",SUMIFS(Clean_Data[FulfilmentMinutes],Clean_Data[DeliveredInclude],1)/B4) -> 9.4784173 | O10: =IFERROR(INDEX(Clean!$H$2:$H$901,SMALL(Clean!$AD$2:$AD$901,ROWS($O$2:O10))),"") -> Chips | P10: =SUMIFS(Clean_Data[NetRevenue],Clean_Data[Product],O10,Clean_Data[Include],1) -> 4974 | Q10: =RANK(P10,$P$2:$P$19,0)+COUNTIFS($P$2:P10,P10)-1 -> 18
A11: Cancellation rate | B11: =IF(B3=0,"n.a.",(B3-B4)/B3) -> 0.073333333 | O11: =IFERROR(INDEX(Clean!$H$2:$H$901,SMALL(Clean!$AD$2:$AD$901,ROWS($O$2:O11))),"") -> Cookies | P11: =SUMIFS(Clean_Data[NetRevenue],Clean_Data[Product],O11,Clean_Data[Include],1) -> 21103.5 | Q11: =RANK(P11,$P$2:$P$19,0)+COUNTIFS($P$2:P11,P11)-1 -> 6
A12: Average rating | B12: =IF(B4=0,"n.a.",SUMIFS(Clean_Data[Rating],Clean_Data[DeliveredInclude],1)/B4) -> 4.2505995 | O12: =IFERROR(INDEX(Clean!$H$2:$H$901,SMALL(Clean!$AD$2:$AD$901,ROWS($O$2:O12))),"") -> Apples | P12: =SUMIFS(Clean_Data[NetRevenue],Clean_Data[Product],O12,Clean_Data[Include],1) -> 24440 | Q12: =RANK(P12,$P$2:$P$19,0)+COUNTIFS($P$2:P12,P12)-1 -> 5
O13: =IFERROR(INDEX(Clean!$H$2:$H$901,SMALL(Clean!$AD$2:$AD$901,ROWS($O$2:O13))),"") -> Nuts | P13: =SUMIFS(Clean_Data[NetRevenue],Clean_Data[Product],O13,Clean_Data[Include],1) -> 30591 | Q13: =RANK(P13,$P$2:$P$19,0)+COUNTIFS($P$2:P13,P13)-1 -> 3
O14: =IFERROR(INDEX(Clean!$H$2:$H$901,SMALL(Clean!$AD$2:$AD$901,ROWS($O$2:O14))),"") -> Cheese | P14: =SUMIFS(Clean_Data[NetRevenue],Clean_Data[Product],O14,Clean_Data[Include],1) -> 20839.75 | Q14: =RANK(P14,$P$2:$P$19,0)+COUNTIFS($P$2:P14,P14)-1 -> 7
O15: =IFERROR(INDEX(Clean!$H$2:$H$901,SMALL(Clean!$AD$2:$AD$901,ROWS($O$2:O15))),"") -> Milk | P15: =SUMIFS(Clean_Data[NetRevenue],Clean_Data[Product],O15,Clean_Data[Include],1) -> 9389.9 | Q15: =RANK(P15,$P$2:$P$19,0)+COUNTIFS($P$2:P15,P15)-1 -> 13
O16: =IFERROR(INDEX(Clean!$H$2:$H$901,SMALL(Clean!$AD$2:$AD$901,ROWS($O$2:O16))),"") -> Coffee | P16: =SUMIFS(Clean_Data[NetRevenue],Clean_Data[Product],O16,Clean_Data[Include],1) -> 39468 | Q16: =RANK(P16,$P$2:$P$19,0)+COUNTIFS($P$2:P16,P16)-1 -> 1
O17: =IFERROR(INDEX(Clean!$H$2:$H$901,SMALL(Clean!$AD$2:$AD$901,ROWS($O$2:O17))),"") -> Bananas | P17: =SUMIFS(Clean_Data[NetRevenue],Clean_Data[Product],O17,Clean_Data[Include],1) -> 5329.5 | Q17: =RANK(P17,$P$2:$P$19,0)+COUNTIFS($P$2:P17,P17)-1 -> 17
O18: =IFERROR(INDEX(Clean!$H$2:$H$901,SMALL(Clean!$AD$2:$AD$901,ROWS($O$2:O18))),"") -> Popcorn | P18: =SUMIFS(Clean_Data[NetRevenue],Clean_Data[Product],O18,Clean_Data[Include],1) -> 8385 | Q18: =RANK(P18,$P$2:$P$19,0)+COUNTIFS($P$2:P18,P18)-1 -> 14
O19: =IFERROR(INDEX(Clean!$H$2:$H$901,SMALL(Clean!$AD$2:$AD$901,ROWS($O$2:O19))),"") -> Yogurt | P19: =SUMIFS(Clean_Data[NetRevenue],Clean_Data[Product],O19,Clean_Data[Include],1) -> 9985.5 | Q19: =RANK(P19,$P$2:$P$19,0)+COUNTIFS($P$2:P19,P19)-1 -> 12
A20: Date | B20: Revenue | C20: Orders | D20: DateLabel | E20: TimeBandNo | F20: TimeBand | G20: Orders
A21: =IF(MIN(Clean_Data[OrderDate])+ROWS($A$21:A21)-1<=MAX(Clean_Data[OrderDate]),MIN(Clean_Data[OrderDate])+ROWS($A$21:A21)-1,"") -> 46266 | B21: =SUMIFS(Clean_Data[NetRevenue],Clean_Data[OrderDate],A21,Clean_Data[Include],1) -> 9906.25 | C21: =COUNTIFS(Clean_Data[OrderDate],A21,Clean_Data[Include],1) -> 30 | D21: =TEXT(A21,"dd-mmm") -> 01-Sep | E21: =IFERROR(SMALL(Clean!$AE$2:$AE$901,ROWS($E$21:E21)),"") -> 2 | F21: =INDEX(Clean_Data[TimeBand],MATCH(E21,Clean_Data[TimeBandNo],0)) -> Morning | G21: =COUNTIFS(Clean_Data[TimeBandNo],E21,Clean_Data[Include],1) -> 266
A22: =IF(MIN(Clean_Data[OrderDate])+ROWS($A$21:A22)-1<=MAX(Clean_Data[OrderDate]),MIN(Clean_Data[OrderDate])+ROWS($A$21:A22)-1,"") -> 46267 | B22: =SUMIFS(Clean_Data[NetRevenue],Clean_Data[OrderDate],A22,Clean_Data[Include],1) -> 8997.15 | C22: =COUNTIFS(Clean_Data[OrderDate],A22,Clean_Data[Include],1) -> 30 | D22: =TEXT(A22,"dd-mmm") -> 02-Sep | E22: =IFERROR(SMALL(Clean!$AE$2:$AE$901,ROWS($E$21:E22)),"") -> 3 | F22: =INDEX(Clean_Data[TimeBand],MATCH(E22,Clean_Data[TimeBandNo],0)) -> Afternoon | G22: =COUNTIFS(Clean_Data[TimeBandNo],E22,Clean_Data[Include],1) -> 295
A23: =IF(MIN(Clean_Data[OrderDate])+ROWS($A$21:A23)-1<=MAX(Clean_Data[OrderDate]),MIN(Clean_Data[OrderDate])+ROWS($A$21:A23)-1,"") -> 46268 | B23: =SUMIFS(Clean_Data[NetRevenue],Clean_Data[OrderDate],A23,Clean_Data[Include],1) -> 9217.75 | C23: =COUNTIFS(Clean_Data[OrderDate],A23,Clean_Data[Include],1) -> 30 | D23: =TEXT(A23,"dd-mmm") -> 03-Sep | E23: =IFERROR(SMALL(Clean!$AE$2:$AE$901,ROWS($E$21:E23)),"") -> 4 | F23: =INDEX(Clean_Data[TimeBand],MATCH(E23,Clean_Data[TimeBandNo],0)) -> Evening | G23: =COUNTIFS(Clean_Data[TimeBandNo],E23,Clean_Data[Include],1) -> 339
A24: =IF(MIN(Clean_Data[OrderDate])+ROWS($A$21:A24)-1<=MAX(Clean_Data[OrderDate]),MIN(Clean_Data[OrderDate])+ROWS($A$21:A24)-1,"") -> 46269 | B24: =SUMIFS(Clean_Data[NetRevenue],Clean_Data[OrderDate],A24,Clean_Data[Include],1) -> 13605.35 | C24: =COUNTIFS(Clean_Data[OrderDate],A24,Clean_Data[Include],1) -> 30 | D24: =TEXT(A24,"dd-mmm") -> 04-Sep
A25: =IF(MIN(Clean_Data[OrderDate])+ROWS($A$21:A25)-1<=MAX(Clean_Data[OrderDate]),MIN(Clean_Data[OrderDate])+ROWS($A$21:A25)-1,"") -> 46270 | B25: =SUMIFS(Clean_Data[NetRevenue],Clean_Data[OrderDate],A25,Clean_Data[Include],1) -> 11834.95 | C25: =COUNTIFS(Clean_Data[OrderDate],A25,Clean_Data[Include],1) -> 30 | D25: =TEXT(A25,"dd-mmm") -> 05-Sep
A26: =IF(MIN(Clean_Data[OrderDate])+ROWS($A$21:A26)-1<=MAX(Clean_Data[OrderDate]),MIN(Clean_Data[OrderDate])+ROWS($A$21:A26)-1,"") -> 46271 | B26: =SUMIFS(Clean_Data[NetRevenue],Clean_Data[OrderDate],A26,Clean_Data[Include],1) -> 9340.2 | C26: =COUNTIFS(Clean_Data[OrderDate],A26,Clean_Data[Include],1) -> 30 | D26: =TEXT(A26,"dd-mmm") -> 06-Sep
A27: =IF(MIN(Clean_Data[OrderDate])+ROWS($A$21:A27)-1<=MAX(Clean_Data[OrderDate]),MIN(Clean_Data[OrderDate])+ROWS($A$21:A27)-1,"") -> 46272 | B27: =SUMIFS(Clean_Data[NetRevenue],Clean_Data[OrderDate],A27,Clean_Data[Include],1) -> 8267.5 | C27: =COUNTIFS(Clean_Data[OrderDate],A27,Clean_Data[Include],1) -> 30 | D27: =TEXT(A27,"dd-mmm") -> 07-Sep
A28: =IF(MIN(Clean_Data[OrderDate])+ROWS($A$21:A28)-1<=MAX(Clean_Data[OrderDate]),MIN(Clean_Data[OrderDate])+ROWS($A$21:A28)-1,"") -> 46273 | B28: =SUMIFS(Clean_Data[NetRevenue],Clean_Data[OrderDate],A28,Clean_Data[Include],1) -> 12269.25 | C28: =COUNTIFS(Clean_Data[OrderDate],A28,Clean_Data[Include],1) -> 30 | D28: =TEXT(A28,"dd-mmm") -> 08-Sep
A29: =IF(MIN(Clean_Data[OrderDate])+ROWS($A$21:A29)-1<=MAX(Clean_Data[OrderDate]),MIN(Clean_Data[OrderDate])+ROWS($A$21:A29)-1,"") -> 46274 | B29: =SUMIFS(Clean_Data[NetRevenue],Clean_Data[OrderDate],A29,Clean_Data[Include],1) -> 9703.75 | C29: =COUNTIFS(Clean_Data[OrderDate],A29,Clean_Data[Include],1) -> 30 | D29: =TEXT(A29,"dd-mmm") -> 09-Sep
A30: =IF(MIN(Clean_Data[OrderDate])+ROWS($A$21:A30)-1<=MAX(Clean_Data[OrderDate]),MIN(Clean_Data[OrderDate])+ROWS($A$21:A30)-1,"") -> 46275 | B30: =SUMIFS(Clean_Data[NetRevenue],Clean_Data[OrderDate],A30,Clean_Data[Include],1) -> 10117.25 | C30: =COUNTIFS(Clean_Data[OrderDate],A30,Clean_Data[Include],1) -> 30 | D30: =TEXT(A30,"dd-mmm") -> 10-Sep
A31: =IF(MIN(Clean_Data[OrderDate])+ROWS($A$21:A31)-1<=MAX(Clean_Data[OrderDate]),MIN(Clean_Data[OrderDate])+ROWS($A$21:A31)-1,"") -> 46276 | B31: =SUMIFS(Clean_Data[NetRevenue],Clean_Data[OrderDate],A31,Clean_Data[Include],1) -> 12683 | C31: =COUNTIFS(Clean_Data[OrderDate],A31,Clean_Data[Include],1) -> 30 | D31: =TEXT(A31,"dd-mmm") -> 11-Sep
A32: =IF(MIN(Clean_Data[OrderDate])+ROWS($A$21:A32)-1<=MAX(Clean_Data[OrderDate]),MIN(Clean_Data[OrderDate])+ROWS($A$21:A32)-1,"") -> 46277 | B32: =SUMIFS(Clean_Data[NetRevenue],Clean_Data[OrderDate],A32,Clean_Data[Include],1) -> 8433 | C32: =COUNTIFS(Clean_Data[OrderDate],A32,Clean_Data[Include],1) -> 30 | D32: =TEXT(A32,"dd-mmm") -> 12-Sep
A33: =IF(MIN(Clean_Data[OrderDate])+ROWS($A$21:A33)-1<=MAX(Clean_Data[OrderDate]),MIN(Clean_Data[OrderDate])+ROWS($A$21:A33)-1,"") -> 46278 | B33: =SUMIFS(Clean_Data[NetRevenue],Clean_Data[OrderDate],A33,Clean_Data[Include],1) -> 9943.7 | C33: =COUNTIFS(Clean_Data[OrderDate],A33,Clean_Data[Include],1) -> 30 | D33: =TEXT(A33,"dd-mmm") -> 13-Sep
A34: =IF(MIN(Clean_Data[OrderDate])+ROWS($A$21:A34)-1<=MAX(Clean_Data[OrderDate]),MIN(Clean_Data[OrderDate])+ROWS($A$21:A34)-1,"") -> 46279 | B34: =SUMIFS(Clean_Data[NetRevenue],Clean_Data[OrderDate],A34,Clean_Data[Include],1) -> 9549.5 | C34: =COUNTIFS(Clean_Data[OrderDate],A34,Clean_Data[Include],1) -> 30 | D34: =TEXT(A34,"dd-mmm") -> 14-Sep
A35: =IF(MIN(Clean_Data[OrderDate])+ROWS($A$21:A35)-1<=MAX(Clean_Data[OrderDate]),MIN(Clean_Data[OrderDate])+ROWS($A$21:A35)-1,"") -> 46280 | B35: =SUMIFS(Clean_Data[NetRevenue],Clean_Data[OrderDate],A35,Clean_Data[Include],1) -> 9134 | C35: =COUNTIFS(Clean_Data[OrderDate],A35,Clean_Data[Include],1) -> 30 | D35: =TEXT(A35,"dd-mmm") -> 15-Sep
... A50: =IF(MIN(Clean_Data[OrderDate])+ROWS($A$21:A50)-1<=MAX(Clean_Data[OrderDate]),MIN(Clean_Data[OrderDate])+ROWS($A$21:A50)-1,"") -> 46295 | B50: =SUMIFS(Clean_Data[NetRevenue],Clean_Data[OrderDate],A50,Clean_Data[Include],1) -> 10806 | C50: =COUNTIFS(Clean_Data[OrderDate],A50,Clean_Data[Include],1) -> 30 | D50: =TEXT(A50,"dd-mmm") -> 30-Sep
A55: Customer cohort | B55: Delivered orders | E55: Delivery | F55: Delivered orders | H55: WeekdayNo | I55: Day | J55: =F21 -> Morning | K55: =F22 -> Afternoon | L55: =F23 -> Evening
A56: =IFERROR(INDEX(Clean!$E$2:$E$901,SMALL(Clean!$AG$2:$AG$901,ROWS($A$56:A56))),"") -> Returning | B56: =COUNTIFS(Clean_Data[CustomerType],A56,Clean_Data[DeliveredInclude],1) -> 591 | E56: On time | F56: =COUNTIFS(Clean_Data[DeliveredInclude],1,Clean_Data[OnTime],1) -> 626 | H56: =IFERROR(SMALL(Clean!$AF$2:$AF$901,ROWS($H$56:H56)),"") -> 1 | I56: =INDEX(Clean_Data[Weekday],MATCH(H56,Clean_Data[WeekdayNo],0)) -> Mon | J56: =COUNTIFS(Clean_Data[WeekdayNo],$H56,Clean_Data[TimeBand],J$55,Clean_Data[Include],1) -> 31 | K56: =COUNTIFS(Clean_Data[WeekdayNo],$H56,Clean_Data[TimeBand],K$55,Clean_Data[Include],1) -> 39 | L56: =COUNTIFS(Clean_Data[WeekdayNo],$H56,Clean_Data[TimeBand],L$55,Clean_Data[Include],1) -> 50
A57: =IFERROR(INDEX(Clean!$E$2:$E$901,SMALL(Clean!$AG$2:$AG$901,ROWS($A$56:A57))),"") -> New | B57: =COUNTIFS(Clean_Data[CustomerType],A57,Clean_Data[DeliveredInclude],1) -> 243 | E57: Late | F57: =COUNTIFS(Clean_Data[DeliveredInclude],1,Clean_Data[OnTime],0) -> 208 | H57: =IFERROR(SMALL(Clean!$AF$2:$AF$901,ROWS($H$56:H57)),"") -> 2 | I57: =INDEX(Clean_Data[Weekday],MATCH(H57,Clean_Data[WeekdayNo],0)) -> Tue | J57: =COUNTIFS(Clean_Data[WeekdayNo],$H57,Clean_Data[TimeBand],J$55,Clean_Data[Include],1) -> 49 | K57: =COUNTIFS(Clean_Data[WeekdayNo],$H57,Clean_Data[TimeBand],K$55,Clean_Data[Include],1) -> 39 | L57: =COUNTIFS(Clean_Data[WeekdayNo],$H57,Clean_Data[TimeBand],L$55,Clean_Data[Include],1) -> 62
H58: =IFERROR(SMALL(Clean!$AF$2:$AF$901,ROWS($H$56:H58)),"") -> 3 | I58: =INDEX(Clean_Data[Weekday],MATCH(H58,Clean_Data[WeekdayNo],0)) -> Wed | J58: =COUNTIFS(Clean_Data[WeekdayNo],$H58,Clean_Data[TimeBand],J$55,Clean_Data[Include],1) -> 44 | K58: =COUNTIFS(Clean_Data[WeekdayNo],$H58,Clean_Data[TimeBand],K$55,Clean_Data[Include],1) -> 41 | L58: =COUNTIFS(Clean_Data[WeekdayNo],$H58,Clean_Data[TimeBand],L$55,Clean_Data[Include],1) -> 65
H59: =IFERROR(SMALL(Clean!$AF$2:$AF$901,ROWS($H$56:H59)),"") -> 4 | I59: =INDEX(Clean_Data[Weekday],MATCH(H59,Clean_Data[WeekdayNo],0)) -> Thu | J59: =COUNTIFS(Clean_Data[WeekdayNo],$H59,Clean_Data[TimeBand],J$55,Clean_Data[Include],1) -> 41 | K59: =COUNTIFS(Clean_Data[WeekdayNo],$H59,Clean_Data[TimeBand],K$55,Clean_Data[Include],1) -> 38 | L59: =COUNTIFS(Clean_Data[WeekdayNo],$H59,Clean_Data[TimeBand],L$55,Clean_Data[Include],1) -> 41
H60: =IFERROR(SMALL(Clean!$AF$2:$AF$901,ROWS($H$56:H60)),"") -> 5 | I60: =INDEX(Clean_Data[Weekday],MATCH(H60,Clean_Data[WeekdayNo],0)) -> Fri | J60: =COUNTIFS(Clean_Data[WeekdayNo],$H60,Clean_Data[TimeBand],J$55,Clean_Data[Include],1) -> 38 | K60: =COUNTIFS(Clean_Data[WeekdayNo],$H60,Clean_Data[TimeBand],K$55,Clean_Data[Include],1) -> 48 | L60: =COUNTIFS(Clean_Data[WeekdayNo],$H60,Clean_Data[TimeBand],L$55,Clean_Data[Include],1) -> 34
H61: =IFERROR(SMALL(Clean!$AF$2:$AF$901,ROWS($H$56:H61)),"") -> 6 | I61: =INDEX(Clean_Data[Weekday],MATCH(H61,Clean_Data[WeekdayNo],0)) -> Sat | J61: =COUNTIFS(Clean_Data[WeekdayNo],$H61,Clean_Data[TimeBand],J$55,Clean_Data[Include],1) -> 29 | K61: =COUNTIFS(Clean_Data[WeekdayNo],$H61,Clean_Data[TimeBand],K$55,Clean_Data[Include],1) -> 41 | L61: =COUNTIFS(Clean_Data[WeekdayNo],$H61,Clean_Data[TimeBand],L$55,Clean_Data[Include],1) -> 50
H62: =IFERROR(SMALL(Clean!$AF$2:$AF$901,ROWS($H$56:H62)),"") -> 7 | I62: =INDEX(Clean_Data[Weekday],MATCH(H62,Clean_Data[WeekdayNo],0)) -> Sun | J62: =COUNTIFS(Clean_Data[WeekdayNo],$H62,Clean_Data[TimeBand],J$55,Clean_Data[Include],1) -> 34 | K62: =COUNTIFS(Clean_Data[WeekdayNo],$H62,Clean_Data[TimeBand],K$55,Clean_Data[Include],1) -> 49 | L62: =COUNTIFS(Clean_Data[WeekdayNo],$H62,Clean_Data[TimeBand],L$55,Clean_Data[Include],1) -> 37

Sheet Customers
A1: CustomerID | B1: Selected delivered orders | C1: Active | E1: Observed CustomerIDs
A2: =IFERROR(INDEX(Clean!$D$2:$D$901,SMALL(Clean!$AA$2:$AA$901,ROWS($A$2:A2))),"") -> C189 | B2: =COUNTIFS(Clean_Data[CustomerID],A2,Clean_Data[DeliveredInclude],1) -> 4 | C2: =IF(B2>0,1,0) -> 1 | E2: =COUNTIF(Clean!$AA$2:$AA$901,"<="&ROWS(Clean_Data[OrderID])) -> 288
A3: =IFERROR(INDEX(Clean!$D$2:$D$901,SMALL(Clean!$AA$2:$AA$901,ROWS($A$2:A3))),"") -> C255 | B3: =COUNTIFS(Clean_Data[CustomerID],A3,Clean_Data[DeliveredInclude],1) -> 4 | C3: =IF(B3>0,1,0) -> 1
A4: =IFERROR(INDEX(Clean!$D$2:$D$901,SMALL(Clean!$AA$2:$AA$901,ROWS($A$2:A4))),"") -> C095 | B4: =COUNTIFS(Clean_Data[CustomerID],A4,Clean_Data[DeliveredInclude],1) -> 3 | C4: =IF(B4>0,1,0) -> 1
A5: =IFERROR(INDEX(Clean!$D$2:$D$901,SMALL(Clean!$AA$2:$AA$901,ROWS($A$2:A5))),"") -> C290 | B5: =COUNTIFS(Clean_Data[CustomerID],A5,Clean_Data[DeliveredInclude],1) -> 2 | C5: =IF(B5>0,1,0) -> 1
A6: =IFERROR(INDEX(Clean!$D$2:$D$901,SMALL(Clean!$AA$2:$AA$901,ROWS($A$2:A6))),"") -> C225 | B6: =COUNTIFS(Clean_Data[CustomerID],A6,Clean_Data[DeliveredInclude],1) -> 2 | C6: =IF(B6>0,1,0) -> 1
A7: =IFERROR(INDEX(Clean!$D$2:$D$901,SMALL(Clean!$AA$2:$AA$901,ROWS($A$2:A7))),"") -> C117 | B7: =COUNTIFS(Clean_Data[CustomerID],A7,Clean_Data[DeliveredInclude],1) -> 3 | C7: =IF(B7>0,1,0) -> 1
A8: =IFERROR(INDEX(Clean!$D$2:$D$901,SMALL(Clean!$AA$2:$AA$901,ROWS($A$2:A8))),"") -> C077 | B8: =COUNTIFS(Clean_Data[CustomerID],A8,Clean_Data[DeliveredInclude],1) -> 4 | C8: =IF(B8>0,1,0) -> 1
A9: =IFERROR(INDEX(Clean!$D$2:$D$901,SMALL(Clean!$AA$2:$AA$901,ROWS($A$2:A9))),"") -> C124 | B9: =COUNTIFS(Clean_Data[CustomerID],A9,Clean_Data[DeliveredInclude],1) -> 6 | C9: =IF(B9>0,1,0) -> 1
A10: =IFERROR(INDEX(Clean!$D$2:$D$901,SMALL(Clean!$AA$2:$AA$901,ROWS($A$2:A10))),"") -> C145 | B10: =COUNTIFS(Clean_Data[CustomerID],A10,Clean_Data[DeliveredInclude],1) -> 4 | C10: =IF(B10>0,1,0) -> 1
A11: =IFERROR(INDEX(Clean!$D$2:$D$901,SMALL(Clean!$AA$2:$AA$901,ROWS($A$2:A11))),"") -> C249 | B11: =COUNTIFS(Clean_Data[CustomerID],A11,Clean_Data[DeliveredInclude],1) -> 1 | C11: =IF(B11>0,1,0) -> 1
A12: =IFERROR(INDEX(Clean!$D$2:$D$901,SMALL(Clean!$AA$2:$AA$901,ROWS($A$2:A12))),"") -> C233 | B12: =COUNTIFS(Clean_Data[CustomerID],A12,Clean_Data[DeliveredInclude],1) -> 1 | C12: =IF(B12>0,1,0) -> 1
A13: =IFERROR(INDEX(Clean!$D$2:$D$901,SMALL(Clean!$AA$2:$AA$901,ROWS($A$2:A13))),"") -> C134 | B13: =COUNTIFS(Clean_Data[CustomerID],A13,Clean_Data[DeliveredInclude],1) -> 4 | C13: =IF(B13>0,1,0) -> 1
A14: =IFERROR(INDEX(Clean!$D$2:$D$901,SMALL(Clean!$AA$2:$AA$901,ROWS($A$2:A14))),"") -> C257 | B14: =COUNTIFS(Clean_Data[CustomerID],A14,Clean_Data[DeliveredInclude],1) -> 1 | C14: =IF(B14>0,1,0) -> 1
... A289: =IFERROR(INDEX(Clean!$D$2:$D$901,SMALL(Clean!$AA$2:$AA$901,ROWS($A$2:A289))),"") -> C254 | B289: =COUNTIFS(Clean_Data[CustomerID],A289,Clean_Data[DeliveredInclude],1) -> 0 | C289: =IF(B289>0,1,0) -> 0

Sheet Settings
D1: Zone choices | F1: Category choices | H1: List / daily span | I1: Count from data
A2: Start date | B2: =Dashboard!B5 -> 46266 | D2: All | F2: All | H2: Zones | I2: =COUNTIF(Clean!$AB$2:$AB$901,"<="&ROWS(Clean_Data[OrderID])) -> 5
A3: End date | B3: =Dashboard!F5 -> 46295 | D3: =IFERROR(INDEX(Clean!$F$2:$F$901,SMALL(Clean!$AB$2:$AB$901,ROWS($D$3:D3))),"") -> Central | F3: =IFERROR(INDEX(Clean!$G$2:$G$901,SMALL(Clean!$AC$2:$AC$901,ROWS($F$3:F3))),"") -> Bakery | H3: Categories | I3: =COUNTIF(Clean!$AC$2:$AC$901,"<="&ROWS(Clean_Data[OrderID])) -> 6
A4: Zone | B4: =Dashboard!J5 -> All | D4: =IFERROR(INDEX(Clean!$F$2:$F$901,SMALL(Clean!$AB$2:$AB$901,ROWS($D$3:D4))),"") -> West | F4: =IFERROR(INDEX(Clean!$G$2:$G$901,SMALL(Clean!$AC$2:$AC$901,ROWS($F$3:F4))),"") -> Household | H4: Products | I4: =COUNTIF(Clean!$AD$2:$AD$901,"<="&ROWS(Clean_Data[OrderID])) -> 18
A5: Category | B5: =Dashboard!P5 -> All | D5: =IFERROR(INDEX(Clean!$F$2:$F$901,SMALL(Clean!$AB$2:$AB$901,ROWS($D$3:D5))),"") -> North | F5: =IFERROR(INDEX(Clean!$G$2:$G$901,SMALL(Clean!$AC$2:$AC$901,ROWS($F$3:F5))),"") -> Beverages | H5: Observed customers | I5: =COUNTIF(Clean!$AA$2:$AA$901,"<="&ROWS(Clean_Data[OrderID])) -> 288
A6: Delivery target minutes | B6: =Dashboard!X5 -> 30 | D6: =IFERROR(INDEX(Clean!$F$2:$F$901,SMALL(Clean!$AB$2:$AB$901,ROWS($D$3:D6))),"") -> South | F6: =IFERROR(INDEX(Clean!$G$2:$G$901,SMALL(Clean!$AC$2:$AC$901,ROWS($F$3:F6))),"") -> Produce | H6: Time bands | I6: =COUNTIF(Clean!$AE$2:$AE$901,"<="&ROWS(Clean_Data[OrderID])) -> 3
D7: =IFERROR(INDEX(Clean!$F$2:$F$901,SMALL(Clean!$AB$2:$AB$901,ROWS($D$3:D7))),"") -> East | F7: =IFERROR(INDEX(Clean!$G$2:$G$901,SMALL(Clean!$AC$2:$AC$901,ROWS($F$3:F7))),"") -> Snacks | H7: Weekdays | I7: =COUNTIF(Clean!$AF$2:$AF$901,"<="&ROWS(Clean_Data[OrderID])) -> 7
A8: Teaching assumption: 30 minute delivery target | F8: =IFERROR(INDEX(Clean!$G$2:$G$901,SMALL(Clean!$AC$2:$AC$901,ROWS($F$3:F8))),"") -> Dairy | H8: Calendar days | I8: =MAX(Clean_Data[OrderDate])-MIN(Clean_Data[OrderDate])+1 -> 30
H10: Excel 2016: fill helpers and summaries down when adding source rows.

Sheet Clean
A1: OrderID | B1: OrderDate | C1: OrderHour | D1: CustomerID | E1: CustomerType | F1: Zone | G1: Category | H1: Product | I1: Quantity | J1: UnitPrice | K1: DiscountPct | L1: Status | M1: DeliveryMinutes | N1: FulfilmentMinutes | O1: Rating | P1: GrossSales | Q1: DiscountAmount | R1: NetRevenue | S1: TimeBand | T1: Weekday | U1: WeekdayNo | V1: TimeBandNo | W1: DeliveredFlag | X1: OnTime | Y1: Include | Z1: DeliveredInclude | AA1: CustomerFirstRow | AB1: ZoneFirstRow | AC1: CategoryFirstRow | AD1: ProductFirstRow | AE1: TimeFirstCode | AF1: WeekdayFirstCode | AG1: CohortFirstRow
A2: G0001 | B2: 46266 | C2: 13 | D2: C189 | E2: Returning | F2: Central | G2: Bakery | H2: Croissants | I2: 3 | J2: 95 | K2: 0 | L2: Delivered | M2: 24 | N2: 13 | O2: 5 | P2: =Clean_Data[[#This Row],[Quantity]]*Clean_Data[[#This Row],[UnitPrice]] -> 285 | Q2: =ROUND(Clean_Data[[#This Row],[GrossSales]]*Clean_Data[[#This Row],[DiscountPct]],2) -> 0 | R2: =IF(Clean_Data[[#This Row],[Status]]="Delivered",ROUND(Clean_Data[[#This Row],[GrossSales]]-Clean_Data[[#This Row],[DiscountAmount]],2),0) -> 285 | S2: =IF(Clean_Data[[#This Row],[OrderHour]]<6,"Night",IF(Clean_Data[[#This Row],[OrderHour]]<12,"Morning",IF(Clean_Data[[#This Row],[OrderHour]]<18,"Afternoon","Evening"))) -> Afternoon | T2: =TEXT(Clean_Data[[#This Row],[OrderDate]],"[$-409]ddd") -> Tue | U2: =WEEKDAY(Clean_Data[[#This Row],[OrderDate]],2) -> 2 | V2: =INT(Clean_Data[[#This Row],[OrderHour]]/6)+1 -> 3 | W2: =IF(Clean_Data[[#This Row],[Status]]="Delivered",1,0) -> 1 | X2: =IF(Clean_Data[[#This Row],[Status]]="Delivered",IF(Clean_Data[[#This Row],[DeliveryMinutes]]<=Dashboard!$X$5,1,0),0) -> 1 | Y2: =IF(AND(Clean_Data[[#This Row],[OrderDate]]>=Dashboard!$B$5,Clean_Data[[#This Row],[OrderDate]]<=Dashboard!$F$5,OR(Dashboard!$J$5="All",Clean_Data[[#This Row],[Zone]]=Dashboard!$J$5),OR(Dashboard!$P$5="All",Clean_Data[[#This Row],[Category]]=Dashboard!$P$5)),1,0) -> 1 | Z2: =IF(AND(Clean_Data[[#This Row],[Include]]=1,Clean_Data[[#This Row],[DeliveredFlag]]=1),1,0) -> 1 | AA2: =IF(COUNTIF($D$2:D2,D2)=1,ROW()-1,ROWS(Clean_Data[OrderID])+1) -> 1 | AB2: =IF(COUNTIF($F$2:F2,F2)=1,ROW()-1,ROWS(Clean_Data[OrderID])+1) -> 1 | AC2: =IF(COUNTIF($G$2:G2,G2)=1,ROW()-1,ROWS(Clean_Data[OrderID])+1) -> 1 | AD2: =IF(COUNTIF($H$2:H2,H2)=1,ROW()-1,ROWS(Clean_Data[OrderID])+1) -> 1 | AE2: =IF(COUNTIF($V$2:V2,V2)=1,V2,ROWS(Clean_Data[OrderID])+1) -> 3 | AF2: =IF(COUNTIF($U$2:U2,U2)=1,U2,ROWS(Clean_Data[OrderID])+1) -> 2 | AG2: =IF(COUNTIF($E$2:E2,E2)=1,ROW()-1,ROWS(Clean_Data[OrderID])+1) -> 1
A3: G0002 | B3: 46266 | C3: 16 | D3: C255 | E3: Returning | F3: West | G3: Household | H3: Dish soap | I3: 5 | J3: 120 | K3: 0.1 | L3: Cancelled | P3: =Clean_Data[[#This Row],[Quantity]]*Clean_Data[[#This Row],[UnitPrice]] -> 600 | Q3: =ROUND(Clean_Data[[#This Row],[GrossSales]]*Clean_Data[[#This Row],[DiscountPct]],2) -> 60 | R3: =IF(Clean_Data[[#This Row],[Status]]="Delivered",ROUND(Clean_Data[[#This Row],[GrossSales]]-Clean_Data[[#This Row],[DiscountAmount]],2),0) -> 0 | S3: =IF(Clean_Data[[#This Row],[OrderHour]]<6,"Night",IF(Clean_Data[[#This Row],[OrderHour]]<12,"Morning",IF(Clean_Data[[#This Row],[OrderHour]]<18,"Afternoon","Evening"))) -> Afternoon | T3: =TEXT(Clean_Data[[#This Row],[OrderDate]],"[$-409]ddd") -> Tue | U3: =WEEKDAY(Clean_Data[[#This Row],[OrderDate]],2) -> 2 | V3: =INT(Clean_Data[[#This Row],[OrderHour]]/6)+1 -> 3 | W3: =IF(Clean_Data[[#This Row],[Status]]="Delivered",1,0) -> 0 | X3: =IF(Clean_Data[[#This Row],[Status]]="Delivered",IF(Clean_Data[[#This Row],[DeliveryMinutes]]<=Dashboard!$X$5,1,0),0) -> 0 | Y3: =IF(AND(Clean_Data[[#This Row],[OrderDate]]>=Dashboard!$B$5,Clean_Data[[#This Row],[OrderDate]]<=Dashboard!$F$5,OR(Dashboard!$J$5="All",Clean_Data[[#This Row],[Zone]]=Dashboard!$J$5),OR(Dashboard!$P$5="All",Clean_Data[[#This Row],[Category]]=Dashboard!$P$5)),1,0) -> 1 | Z3: =IF(AND(Clean_Data[[#This Row],[Include]]=1,Clean_Data[[#This Row],[DeliveredFlag]]=1),1,0) -> 0 | AA3: =IF(COUNTIF($D$2:D3,D3)=1,ROW()-1,ROWS(Clean_Data[OrderID])+1) -> 2 | AB3: =IF(COUNTIF($F$2:F3,F3)=1,ROW()-1,ROWS(Clean_Data[OrderID])+1) -> 2 | AC3: =IF(COUNTIF($G$2:G3,G3)=1,ROW()-1,ROWS(Clean_Data[OrderID])+1) -> 2 | AD3: =IF(COUNTIF($H$2:H3,H3)=1,ROW()-1,ROWS(Clean_Data[OrderID])+1) -> 2 | AE3: =IF(COUNTIF($V$2:V3,V3)=1,V3,ROWS(Clean_Data[OrderID])+1) -> 901 | AF3: =IF(COUNTIF($U$2:U3,U3)=1,U3,ROWS(Clean_Data[OrderID])+1) -> 901 | AG3: =IF(COUNTIF($E$2:E3,E3)=1,ROW()-1,ROWS(Clean_Data[OrderID])+1) -> 901
A4: G0003 | B4: 46266 | C4: 18 | D4: C095 | E4: Returning | F4: Central | G4: Household | H4: Detergent | I4: 4 | J4: 240 | K4: 0 | L4: Delivered | M4: 30 | N4: 9 | O4: 5 | P4: =Clean_Data[[#This Row],[Quantity]]*Clean_Data[[#This Row],[UnitPrice]] -> 960 | Q4: =ROUND(Clean_Data[[#This Row],[GrossSales]]*Clean_Data[[#This Row],[DiscountPct]],2) -> 0 | R4: =IF(Clean_Data[[#This Row],[Status]]="Delivered",ROUND(Clean_Data[[#This Row],[GrossSales]]-Clean_Data[[#This Row],[DiscountAmount]],2),0) -> 960 | S4: =IF(Clean_Data[[#This Row],[OrderHour]]<6,"Night",IF(Clean_Data[[#This Row],[OrderHour]]<12,"Morning",IF(Clean_Data[[#This Row],[OrderHour]]<18,"Afternoon","Evening"))) -> Evening | T4: =TEXT(Clean_Data[[#This Row],[OrderDate]],"[$-409]ddd") -> Tue | U4: =WEEKDAY(Clean_Data[[#This Row],[OrderDate]],2) -> 2 | V4: =INT(Clean_Data[[#This Row],[OrderHour]]/6)+1 -> 4 | W4: =IF(Clean_Data[[#This Row],[Status]]="Delivered",1,0) -> 1 | X4: =IF(Clean_Data[[#This Row],[Status]]="Delivered",IF(Clean_Data[[#This Row],[DeliveryMinutes]]<=Dashboard!$X$5,1,0),0) -> 1 | Y4: =IF(AND(Clean_Data[[#This Row],[OrderDate]]>=Dashboard!$B$5,Clean_Data[[#This Row],[OrderDate]]<=Dashboard!$F$5,OR(Dashboard!$J$5="All",Clean_Data[[#This Row],[Zone]]=Dashboard!$J$5),OR(Dashboard!$P$5="All",Clean_Data[[#This Row],[Category]]=Dashboard!$P$5)),1,0) -> 1 | Z4: =IF(AND(Clean_Data[[#This Row],[Include]]=1,Clean_Data[[#This Row],[DeliveredFlag]]=1),1,0) -> 1 | AA4: =IF(COUNTIF($D$2:D4,D4)=1,ROW()-1,ROWS(Clean_Data[OrderID])+1) -> 3 | AB4: =IF(COUNTIF($F$2:F4,F4)=1,ROW()-1,ROWS(Clean_Data[OrderID])+1) -> 901 | AC4: =IF(COUNTIF($G$2:G4,G4)=1,ROW()-1,ROWS(Clean_Data[OrderID])+1) -> 901 | AD4: =IF(COUNTIF($H$2:H4,H4)=1,ROW()-1,ROWS(Clean_Data[OrderID])+1) -> 3 | AE4: =IF(COUNTIF($V$2:V4,V4)=1,V4,ROWS(Clean_Data[OrderID])+1) -> 4 | AF4: =IF(COUNTIF($U$2:U4,U4)=1,U4,ROWS(Clean_Data[OrderID])+1) -> 901 | AG4: =IF(COUNTIF($E$2:E4,E4)=1,ROW()-1,ROWS(Clean_Data[OrderID])+1) -> 901
A5: G0004 | B5: 46266 | C5: 17 | D5: C290 | E5: Returning | F5: West | G5: Household | H5: Detergent | I5: 2 | J5: 240 | K5: 0 | L5: Cancelled | P5: =Clean_Data[[#This Row],[Quantity]]*Clean_Data[[#This Row],[UnitPrice]] -> 480 | Q5: =ROUND(Clean_Data[[#This Row],[GrossSales]]*Clean_Data[[#This Row],[DiscountPct]],2) -> 0 | R5: =IF(Clean_Data[[#This Row],[Status]]="Delivered",ROUND(Clean_Data[[#This Row],[GrossSales]]-Clean_Data[[#This Row],[DiscountAmount]],2),0) -> 0 | S5: =IF(Clean_Data[[#This Row],[OrderHour]]<6,"Night",IF(Clean_Data[[#This Row],[OrderHour]]<12,"Morning",IF(Clean_Data[[#This Row],[OrderHour]]<18,"Afternoon","Evening"))) -> Afternoon | T5: =TEXT(Clean_Data[[#This Row],[OrderDate]],"[$-409]ddd") -> Tue | U5: =WEEKDAY(Clean_Data[[#This Row],[OrderDate]],2) -> 2 | V5: =INT(Clean_Data[[#This Row],[OrderHour]]/6)+1 -> 3 | W5: =IF(Clean_Data[[#This Row],[Status]]="Delivered",1,0) -> 0 | X5: =IF(Clean_Data[[#This Row],[Status]]="Delivered",IF(Clean_Data[[#This Row],[DeliveryMinutes]]<=Dashboard!$X$5,1,0),0) -> 0 | Y5: =IF(AND(Clean_Data[[#This Row],[OrderDate]]>=Dashboard!$B$5,Clean_Data[[#This Row],[OrderDate]]<=Dashboard!$F$5,OR(Dashboard!$J$5="All",Clean_Data[[#This Row],[Zone]]=Dashboard!$J$5),OR(Dashboard!$P$5="All",Clean_Data[[#This Row],[Category]]=Dashboard!$P$5)),1,0) -> 1 | Z5: =IF(AND(Clean_Data[[#This Row],[Include]]=1,Clean_Data[[#This Row],[DeliveredFlag]]=1),1,0) -> 0 | AA5: =IF(COUNTIF($D$2:D5,D5)=1,ROW()-1,ROWS(Clean_Data[OrderID])+1) -> 4 | AB5: =IF(COUNTIF($F$2:F5,F5)=1,ROW()-1,ROWS(Clean_Data[OrderID])+1) -> 901 | AC5: =IF(COUNTIF($G$2:G5,G5)=1,ROW()-1,ROWS(Clean_Data[OrderID])+1) -> 901 | AD5: =IF(COUNTIF($H$2:H5,H5)=1,ROW()-1,ROWS(Clean_Data[OrderID])+1) -> 901 | AE5: =IF(COUNTIF($V$2:V5,V5)=1,V5,ROWS(Clean_Data[OrderID])+1) -> 901 | AF5: =IF(COUNTIF($U$2:U5,U5)=1,U5,ROWS(Clean_Data[OrderID])+1) -> 901 | AG5: =IF(COUNTIF($E$2:E5,E5)=1,ROW()-1,ROWS(Clean_Data[OrderID])+1) -> 901
A6: G0005 | B6: 46266 | C6: 7 | D6: C225 | E6: Returning | F6: North | G6: Beverages | H6: Juice | I6: 3 | J6: 115 | K6: 0.15 | L6: Delivered | M6: 32 | N6: 9 | O6: 4 | P6: =Clean_Data[[#This Row],[Quantity]]*Clean_Data[[#This Row],[UnitPrice]] -> 345 | Q6: =ROUND(Clean_Data[[#This Row],[GrossSales]]*Clean_Data[[#This Row],[DiscountPct]],2) -> 51.75 | R6: =IF(Clean_Data[[#This Row],[Status]]="Delivered",ROUND(Clean_Data[[#This Row],[GrossSales]]-Clean_Data[[#This Row],[DiscountAmount]],2),0) -> 293.25 | S6: =IF(Clean_Data[[#This Row],[OrderHour]]<6,"Night",IF(Clean_Data[[#This Row],[OrderHour]]<12,"Morning",IF(Clean_Data[[#This Row],[OrderHour]]<18,"Afternoon","Evening"))) -> Morning | T6: =TEXT(Clean_Data[[#This Row],[OrderDate]],"[$-409]ddd") -> Tue | U6: =WEEKDAY(Clean_Data[[#This Row],[OrderDate]],2) -> 2 | V6: =INT(Clean_Data[[#This Row],[OrderHour]]/6)+1 -> 2 | W6: =IF(Clean_Data[[#This Row],[Status]]="Delivered",1,0) -> 1 | X6: =IF(Clean_Data[[#This Row],[Status]]="Delivered",IF(Clean_Data[[#This Row],[DeliveryMinutes]]<=Dashboard!$X$5,1,0),0) -> 0 | Y6: =IF(AND(Clean_Data[[#This Row],[OrderDate]]>=Dashboard!$B$5,Clean_Data[[#This Row],[OrderDate]]<=Dashboard!$F$5,OR(Dashboard!$J$5="All",Clean_Data[[#This Row],[Zone]]=Dashboard!$J$5),OR(Dashboard!$P$5="All",Clean_Data[[#This Row],[Category]]=Dashboard!$P$5)),1,0) -> 1 | Z6: =IF(AND(Clean_Data[[#This Row],[Include]]=1,Clean_Data[[#This Row],[DeliveredFlag]]=1),1,0) -> 1 | AA6: =IF(COUNTIF($D$2:D6,D6)=1,ROW()-1,ROWS(Clean_Data[OrderID])+1) -> 5 | AB6: =IF(COUNTIF($F$2:F6,F6)=1,ROW()-1,ROWS(Clean_Data[OrderID])+1) -> 5 | AC6: =IF(COUNTIF($G$2:G6,G6)=1,ROW()-1,ROWS(Clean_Data[OrderID])+1) -> 5 | AD6: =IF(COUNTIF($H$2:H6,H6)=1,ROW()-1,ROWS(Clean_Data[OrderID])+1) -> 5 | AE6: =IF(COUNTIF($V$2:V6,V6)=1,V6,ROWS(Clean_Data[OrderID])+1) -> 2 | AF6: =IF(COUNTIF($U$2:U6,U6)=1,U6,ROWS(Clean_Data[OrderID])+1) -> 901 | AG6: =IF(COUNTIF($E$2:E6,E6)=1,ROW()-1,ROWS(Clean_Data[OrderID])+1) -> 901
A7: G0006 | B7: 46266 | C7: 9 | D7: C117 | E7: Returning | F7: North | G7: Beverages | H7: Tea | I7: 1 | J7: 145 | K7: 0 | L7: Delivered | M7: 21 | N7: 9 | O7: 4 | P7: =Clean_Data[[#This Row],[Quantity]]*Clean_Data[[#This Row],[UnitPrice]] -> 145 | Q7: =ROUND(Clean_Data[[#This Row],[GrossSales]]*Clean_Data[[#This Row],[DiscountPct]],2) -> 0 | R7: =IF(Clean_Data[[#This Row],[Status]]="Delivered",ROUND(Clean_Data[[#This Row],[GrossSales]]-Clean_Data[[#This Row],[DiscountAmount]],2),0) -> 145 | S7: =IF(Clean_Data[[#This Row],[OrderHour]]<6,"Night",IF(Clean_Data[[#This Row],[OrderHour]]<12,"Morning",IF(Clean_Data[[#This Row],[OrderHour]]<18,"Afternoon","Evening"))) -> Morning | T7: =TEXT(Clean_Data[[#This Row],[OrderDate]],"[$-409]ddd") -> Tue | U7: =WEEKDAY(Clean_Data[[#This Row],[OrderDate]],2) -> 2 | V7: =INT(Clean_Data[[#This Row],[OrderHour]]/6)+1 -> 2 | W7: =IF(Clean_Data[[#This Row],[Status]]="Delivered",1,0) -> 1 | X7: =IF(Clean_Data[[#This Row],[Status]]="Delivered",IF(Clean_Data[[#This Row],[DeliveryMinutes]]<=Dashboard!$X$5,1,0),0) -> 1 | Y7: =IF(AND(Clean_Data[[#This Row],[OrderDate]]>=Dashboard!$B$5,Clean_Data[[#This Row],[OrderDate]]<=Dashboard!$F$5,OR(Dashboard!$J$5="All",Clean_Data[[#This Row],[Zone]]=Dashboard!$J$5),OR(Dashboard!$P$5="All",Clean_Data[[#This Row],[Category]]=Dashboard!$P$5)),1,0) -> 1 | Z7: =IF(AND(Clean_Data[[#This Row],[Include]]=1,Clean_Data[[#This Row],[DeliveredFlag]]=1),1,0) -> 1 | AA7: =IF(COUNTIF($D$2:D7,D7)=1,ROW()-1,ROWS(Clean_Data[OrderID])+1) -> 6 | AB7: =IF(COUNTIF($F$2:F7,F7)=1,ROW()-1,ROWS(Clean_Data[OrderID])+1) -> 901 | AC7: =IF(COUNTIF($G$2:G7,G7)=1,ROW()-1,ROWS(Clean_Data[OrderID])+1) -> 901 | AD7: =IF(COUNTIF($H$2:H7,H7)=1,ROW()-1,ROWS(Clean_Data[OrderID])+1) -> 6 | AE7: =IF(COUNTIF($V$2:V7,V7)=1,V7,ROWS(Clean_Data[OrderID])+1) -> 901 | AF7: =IF(COUNTIF($U$2:U7,U7)=1,U7,ROWS(Clean_Data[OrderID])+1) -> 901 | AG7: =IF(COUNTIF($E$2:E7,E7)=1,ROW()-1,ROWS(Clean_Data[OrderID])+1) -> 901
A8: G0007 | B8: 46266 | C8: 18 | D8: C077 | E8: New | F8: West | G8: Bakery | H8: Bread | I8: 4 | J8: 45 | K8: 0.1 | L8: Delivered | M8: 28 | N8: 9 | O8: 4 | P8: =Clean_Data[[#This Row],[Quantity]]*Clean_Data[[#This Row],[UnitPrice]] -> 180 | Q8: =ROUND(Clean_Data[[#This Row],[GrossSales]]*Clean_Data[[#This Row],[DiscountPct]],2) -> 18 | R8: =IF(Clean_Data[[#This Row],[Status]]="Delivered",ROUND(Clean_Data[[#This Row],[GrossSales]]-Clean_Data[[#This Row],[DiscountAmount]],2),0) -> 162 | S8: =IF(Clean_Data[[#This Row],[OrderHour]]<6,"Night",IF(Clean_Data[[#This Row],[OrderHour]]<12,"Morning",IF(Clean_Data[[#This Row],[OrderHour]]<18,"Afternoon","Evening"))) -> Evening | T8: =TEXT(Clean_Data[[#This Row],[OrderDate]],"[$-409]ddd") -> Tue | U8: =WEEKDAY(Clean_Data[[#This Row],[OrderDate]],2) -> 2 | V8: =INT(Clean_Data[[#This Row],[OrderHour]]/6)+1 -> 4 | W8: =IF(Clean_Data[[#This Row],[Status]]="Delivered",1,0) -> 1 | X8: =IF(Clean_Data[[#This Row],[Status]]="Delivered",IF(Clean_Data[[#This Row],[DeliveryMinutes]]<=Dashboard!$X$5,1,0),0) -> 1 | Y8: =IF(AND(Clean_Data[[#This Row],[OrderDate]]>=Dashboard!$B$5,Clean_Data[[#This Row],[OrderDate]]<=Dashboard!$F$5,OR(Dashboard!$J$5="All",Clean_Data[[#This Row],[Zone]]=Dashboard!$J$5),OR(Dashboard!$P$5="All",Clean_Data[[#This Row],[Category]]=Dashboard!$P$5)),1,0) -> 1 | Z8: =IF(AND(Clean_Data[[#This Row],[Include]]=1,Clean_Data[[#This Row],[DeliveredFlag]]=1),1,0) -> 1 | AA8: =IF(COUNTIF($D$2:D8,D8)=1,ROW()-1,ROWS(Clean_Data[OrderID])+1) -> 7 | AB8: =IF(COUNTIF($F$2:F8,F8)=1,ROW()-1,ROWS(Clean_Data[OrderID])+1) -> 901 | AC8: =IF(COUNTIF($G$2:G8,G8)=1,ROW()-1,ROWS(Clean_Data[OrderID])+1) -> 901 | AD8: =IF(COUNTIF($H$2:H8,H8)=1,ROW()-1,ROWS(Clean_Data[OrderID])+1) -> 7 | AE8: =IF(COUNTIF($V$2:V8,V8)=1,V8,ROWS(Clean_Data[OrderID])+1) -> 901 | AF8: =IF(COUNTIF($U$2:U8,U8)=1,U8,ROWS(Clean_Data[OrderID])+1) -> 901 | AG8: =IF(COUNTIF($E$2:E8,E8)=1,ROW()-1,ROWS(Clean_Data[OrderID])+1) -> 7
A9: G0008 | B9: 46266 | C9: 21 | D9: C124 | E9: Returning | F9: South | G9: Produce | H9: Tomatoes | I9: 5 | J9: 45 | K9: 0 | L9: Delivered | M9: 24 | N9: 12 | O9: 4 | P9: =Clean_Data[[#This Row],[Quantity]]*Clean_Data[[#This Row],[UnitPrice]] -> 225 | Q9: =ROUND(Clean_Data[[#This Row],[GrossSales]]*Clean_Data[[#This Row],[DiscountPct]],2) -> 0 | R9: =IF(Clean_Data[[#This Row],[Status]]="Delivered",ROUND(Clean_Data[[#This Row],[GrossSales]]-Clean_Data[[#This Row],[DiscountAmount]],2),0) -> 225 | S9: =IF(Clean_Data[[#This Row],[OrderHour]]<6,"Night",IF(Clean_Data[[#This Row],[OrderHour]]<12,"Morning",IF(Clean_Data[[#This Row],[OrderHour]]<18,"Afternoon","Evening"))) -> Evening | T9: =TEXT(Clean_Data[[#This Row],[OrderDate]],"[$-409]ddd") -> Tue | U9: =WEEKDAY(Clean_Data[[#This Row],[OrderDate]],2) -> 2 | V9: =INT(Clean_Data[[#This Row],[OrderHour]]/6)+1 -> 4 | W9: =IF(Clean_Data[[#This Row],[Status]]="Delivered",1,0) -> 1 | X9: =IF(Clean_Data[[#This Row],[Status]]="Delivered",IF(Clean_Data[[#This Row],[DeliveryMinutes]]<=Dashboard!$X$5,1,0),0) -> 1 | Y9: =IF(AND(Clean_Data[[#This Row],[OrderDate]]>=Dashboard!$B$5,Clean_Data[[#This Row],[OrderDate]]<=Dashboard!$F$5,OR(Dashboard!$J$5="All",Clean_Data[[#This Row],[Zone]]=Dashboard!$J$5),OR(Dashboard!$P$5="All",Clean_Data[[#This Row],[Category]]=Dashboard!$P$5)),1,0) -> 1 | Z9: =IF(AND(Clean_Data[[#This Row],[Include]]=1,Clean_Data[[#This Row],[DeliveredFlag]]=1),1,0) -> 1 | AA9: =IF(COUNTIF($D$2:D9,D9)=1,ROW()-1,ROWS(Clean_Data[OrderID])+1) -> 8 | AB9: =IF(COUNTIF($F$2:F9,F9)=1,ROW()-1,ROWS(Clean_Data[OrderID])+1) -> 8 | AC9: =IF(COUNTIF($G$2:G9,G9)=1,ROW()-1,ROWS(Clean_Data[OrderID])+1) -> 8 | AD9: =IF(COUNTIF($H$2:H9,H9)=1,ROW()-1,ROWS(Clean_Data[OrderID])+1) -> 8 | AE9: =IF(COUNTIF($V$2:V9,V9)=1,V9,ROWS(Clean_Data[OrderID])+1) -> 901 | AF9: =IF(COUNTIF($U$2:U9,U9)=1,U9,ROWS(Clean_Data[OrderID])+1) -> 901 | AG9: =IF(COUNTIF($E$2:E9,E9)=1,ROW()-1,ROWS(Clean_Data[OrderID])+1) -> 901
A10: G0009 | B10: 46266 | C10: 19 | D10: C145 | E10: Returning | F10: Central | G10: Household | H10: Dish soap | I10: 1 | J10: 120 | K10: 0 | L10: Delivered | M10: 17 | N10: 15 | O10: 4 | P10: =Clean_Data[[#This Row],[Quantity]]*Clean_Data[[#This Row],[UnitPrice]] -> 120 | Q10: =ROUND(Clean_Data[[#This Row],[GrossSales]]*Clean_Data[[#This Row],[DiscountPct]],2) -> 0 | R10: =IF(Clean_Data[[#This Row],[Status]]="Delivered",ROUND(Clean_Data[[#This Row],[GrossSales]]-Clean_Data[[#This Row],[DiscountAmount]],2),0) -> 120 | S10: =IF(Clean_Data[[#This Row],[OrderHour]]<6,"Night",IF(Clean_Data[[#This Row],[OrderHour]]<12,"Morning",IF(Clean_Data[[#This Row],[OrderHour]]<18,"Afternoon","Evening"))) -> Evening | T10: =TEXT(Clean_Data[[#This Row],[OrderDate]],"[$-409]ddd") -> Tue | U10: =WEEKDAY(Clean_Data[[#This Row],[OrderDate]],2) -> 2 | V10: =INT(Clean_Data[[#This Row],[OrderHour]]/6)+1 -> 4 | W10: =IF(Clean_Data[[#This Row],[Status]]="Delivered",1,0) -> 1 | X10: =IF(Clean_Data[[#This Row],[Status]]="Delivered",IF(Clean_Data[[#This Row],[DeliveryMinutes]]<=Dashboard!$X$5,1,0),0) -> 1 | Y10: =IF(AND(Clean_Data[[#This Row],[OrderDate]]>=Dashboard!$B$5,Clean_Data[[#This Row],[OrderDate]]<=Dashboard!$F$5,OR(Dashboard!$J$5="All",Clean_Data[[#This Row],[Zone]]=Dashboard!$J$5),OR(Dashboard!$P$5="All",Clean_Data[[#This Row],[Category]]=Dashboard!$P$5)),1,0) -> 1 | Z10: =IF(AND(Clean_Data[[#This Row],[Include]]=1,Clean_Data[[#This Row],[DeliveredFlag]]=1),1,0) -> 1 | AA10: =IF(COUNTIF($D$2:D10,D10)=1,ROW()-1,ROWS(Clean_Data[OrderID])+1) -> 9 | AB10: =IF(COUNTIF($F$2:F10,F10)=1,ROW()-1,ROWS(Clean_Data[OrderID])+1) -> 901 | AC10: =IF(COUNTIF($G$2:G10,G10)=1,ROW()-1,ROWS(Clean_Data[OrderID])+1) -> 901 | AD10: =IF(COUNTIF($H$2:H10,H10)=1,ROW()-1,ROWS(Clean_Data[OrderID])+1) -> 901 | AE10: =IF(COUNTIF($V$2:V10,V10)=1,V10,ROWS(Clean_Data[OrderID])+1) -> 901 | AF10: =IF(COUNTIF($U$2:U10,U10)=1,U10,ROWS(Clean_Data[OrderID])+1) -> 901 | AG10: =IF(COUNTIF($E$2:E10,E10)=1,ROW()-1,ROWS(Clean_Data[OrderID])+1) -> 901
A11: G0010 | B11: 46266 | C11: 22 | D11: C249 | E11: Returning | F11: South | G11: Bakery | H11: Bread | I11: 4 | J11: 45 | K11: 0 | L11: Delivered | M11: 16 | N11: 12 | O11: 5 | P11: =Clean_Data[[#This Row],[Quantity]]*Clean_Data[[#This Row],[UnitPrice]] -> 180 | Q11: =ROUND(Clean_Data[[#This Row],[GrossSales]]*Clean_Data[[#This Row],[DiscountPct]],2) -> 0 | R11: =IF(Clean_Data[[#This Row],[Status]]="Delivered",ROUND(Clean_Data[[#This Row],[GrossSales]]-Clean_Data[[#This Row],[DiscountAmount]],2),0) -> 180 | S11: =IF(Clean_Data[[#This Row],[OrderHour]]<6,"Night",IF(Clean_Data[[#This Row],[OrderHour]]<12,"Morning",IF(Clean_Data[[#This Row],[OrderHour]]<18,"Afternoon","Evening"))) -> Evening | T11: =TEXT(Clean_Data[[#This Row],[OrderDate]],"[$-409]ddd") -> Tue | U11: =WEEKDAY(Clean_Data[[#This Row],[OrderDate]],2) -> 2 | V11: =INT(Clean_Data[[#This Row],[OrderHour]]/6)+1 -> 4 | W11: =IF(Clean_Data[[#This Row],[Status]]="Delivered",1,0) -> 1 | X11: =IF(Clean_Data[[#This Row],[Status]]="Delivered",IF(Clean_Data[[#This Row],[DeliveryMinutes]]<=Dashboard!$X$5,1,0),0) -> 1 | Y11: =IF(AND(Clean_Data[[#This Row],[OrderDate]]>=Dashboard!$B$5,Clean_Data[[#This Row],[OrderDate]]<=Dashboard!$F$5,OR(Dashboard!$J$5="All",Clean_Data[[#This Row],[Zone]]=Dashboard!$J$5),OR(Dashboard!$P$5="All",Clean_Data[[#This Row],[Category]]=Dashboard!$P$5)),1,0) -> 1 | Z11: =IF(AND(Clean_Data[[#This Row],[Include]]=1,Clean_Data[[#This Row],[DeliveredFlag]]=1),1,0) -> 1 | AA11: =IF(COUNTIF($D$2:D11,D11)=1,ROW()-1,ROWS(Clean_Data[OrderID])+1) -> 10 | AB11: =IF(COUNTIF($F$2:F11,F11)=1,ROW()-1,ROWS(Clean_Data[OrderID])+1) -> 901 | AC11: =IF(COUNTIF($G$2:G11,G11)=1,ROW()-1,ROWS(Clean_Data[OrderID])+1) -> 901 | AD11: =IF(COUNTIF($H$2:H11,H11)=1,ROW()-1,ROWS(Clean_Data[OrderID])+1) -> 901 | AE11: =IF(COUNTIF($V$2:V11,V11)=1,V11,ROWS(Clean_Data[OrderID])+1) -> 901 | AF11: =IF(COUNTIF($U$2:U11,U11)=1,U11,ROWS(Clean_Data[OrderID])+1) -> 901 | AG11: =IF(COUNTIF($E$2:E11,E11)=1,ROW()-1,ROWS(Clean_Data[OrderID])+1) -> 901
A12: G0011 | B12: 46266 | C12: 20 | D12: C233 | E12: Returning | F12: West | G12: Household | H12: Tissues | I12: 3 | J12: 85 | K12: 0 | L12: Delivered | M12: 34 | N12: 8 | O12: 5 | P12: =Clean_Data[[#This Row],[Quantity]]*Clean_Data[[#This Row],[UnitPrice]] -> 255 | Q12: =ROUND(Clean_Data[[#This Row],[GrossSales]]*Clean_Data[[#This Row],[DiscountPct]],2) -> 0 | R12: =IF(Clean_Data[[#This Row],[Status]]="Delivered",ROUND(Clean_Data[[#This Row],[GrossSales]]-Clean_Data[[#This Row],[DiscountAmount]],2),0) -> 255 | S12: =IF(Clean_Data[[#This Row],[OrderHour]]<6,"Night",IF(Clean_Data[[#This Row],[OrderHour]]<12,"Morning",IF(Clean_Data[[#This Row],[OrderHour]]<18,"Afternoon","Evening"))) -> Evening | T12: =TEXT(Clean_Data[[#This Row],[OrderDate]],"[$-409]ddd") -> Tue | U12: =WEEKDAY(Clean_Data[[#This Row],[OrderDate]],2) -> 2 | V12: =INT(Clean_Data[[#This Row],[OrderHour]]/6)+1 -> 4 | W12: =IF(Clean_Data[[#This Row],[Status]]="Delivered",1,0) -> 1 | X12: =IF(Clean_Data[[#This Row],[Status]]="Delivered",IF(Clean_Data[[#This Row],[DeliveryMinutes]]<=Dashboard!$X$5,1,0),0) -> 0 | Y12: =IF(AND(Clean_Data[[#This Row],[OrderDate]]>=Dashboard!$B$5,Clean_Data[[#This Row],[OrderDate]]<=Dashboard!$F$5,OR(Dashboard!$J$5="All",Clean_Data[[#This Row],[Zone]]=Dashboard!$J$5),OR(Dashboard!$P$5="All",Clean_Data[[#This Row],[Category]]=Dashboard!$P$5)),1,0) -> 1 | Z12: =IF(AND(Clean_Data[[#This Row],[Include]]=1,Clean_Data[[#This Row],[DeliveredFlag]]=1),1,0) -> 1 | AA12: =IF(COUNTIF($D$2:D12,D12)=1,ROW()-1,ROWS(Clean_Data[OrderID])+1) -> 11 | AB12: =IF(COUNTIF($F$2:F12,F12)=1,ROW()-1,ROWS(Clean_Data[OrderID])+1) -> 901 | AC12: =IF(COUNTIF($G$2:G12,G12)=1,ROW()-1,ROWS(Clean_Data[OrderID])+1) -> 901 | AD12: =IF(COUNTIF($H$2:H12,H12)=1,ROW()-1,ROWS(Clean_Data[OrderID])+1) -> 11 | AE12: =IF(COUNTIF($V$2:V12,V12)=1,V12,ROWS(Clean_Data[OrderID])+1) -> 901 | AF12: =IF(COUNTIF($U$2:U12,U12)=1,U12,ROWS(Clean_Data[OrderID])+1) -> 901 | AG12: =IF(COUNTIF($E$2:E12,E12)=1,ROW()-1,ROWS(Clean_Data[OrderID])+1) -> 901
A13: G0012 | B13: 46266 | C13: 23 | D13: C134 | E13: Returning | F13: North | G13: Beverages | H13: Juice | I13: 2 | J13: 115 | K13: 0.15 | L13: Delivered | M13: 22 | N13: 6 | O13: 4 | P13: =Clean_Data[[#This Row],[Quantity]]*Clean_Data[[#This Row],[UnitPrice]] -> 230 | Q13: =ROUND(Clean_Data[[#This Row],[GrossSales]]*Clean_Data[[#This Row],[DiscountPct]],2) -> 34.5 | R13: =IF(Clean_Data[[#This Row],[Status]]="Delivered",ROUND(Clean_Data[[#This Row],[GrossSales]]-Clean_Data[[#This Row],[DiscountAmount]],2),0) -> 195.5 | S13: =IF(Clean_Data[[#This Row],[OrderHour]]<6,"Night",IF(Clean_Data[[#This Row],[OrderHour]]<12,"Morning",IF(Clean_Data[[#This Row],[OrderHour]]<18,"Afternoon","Evening"))) -> Evening | T13: =TEXT(Clean_Data[[#This Row],[OrderDate]],"[$-409]ddd") -> Tue | U13: =WEEKDAY(Clean_Data[[#This Row],[OrderDate]],2) -> 2 | V13: =INT(Clean_Data[[#This Row],[OrderHour]]/6)+1 -> 4 | W13: =IF(Clean_Data[[#This Row],[Status]]="Delivered",1,0) -> 1 | X13: =IF(Clean_Data[[#This Row],[Status]]="Delivered",IF(Clean_Data[[#This Row],[DeliveryMinutes]]<=Dashboard!$X$5,1,0),0) -> 1 | Y13: =IF(AND(Clean_Data[[#This Row],[OrderDate]]>=Dashboard!$B$5,Clean_Data[[#This Row],[OrderDate]]<=Dashboard!$F$5,OR(Dashboard!$J$5="All",Clean_Data[[#This Row],[Zone]]=Dashboard!$J$5),OR(Dashboard!$P$5="All",Clean_Data[[#This Row],[Category]]=Dashboard!$P$5)),1,0) -> 1 | Z13: =IF(AND(Clean_Data[[#This Row],[Include]]=1,Clean_Data[[#This Row],[DeliveredFlag]]=1),1,0) -> 1 | AA13: =IF(COUNTIF($D$2:D13,D13)=1,ROW()-1,ROWS(Clean_Data[OrderID])+1) -> 12 | AB13: =IF(COUNTIF($F$2:F13,F13)=1,ROW()-1,ROWS(Clean_Data[OrderID])+1) -> 901 | AC13: =IF(COUNTIF($G$2:G13,G13)=1,ROW()-1,ROWS(Clean_Data[OrderID])+1) -> 901 | AD13: =IF(COUNTIF($H$2:H13,H13)=1,ROW()-1,ROWS(Clean_Data[OrderID])+1) -> 901 | AE13: =IF(COUNTIF($V$2:V13,V13)=1,V13,ROWS(Clean_Data[OrderID])+1) -> 901 | AF13: =IF(COUNTIF($U$2:U13,U13)=1,U13,ROWS(Clean_Data[OrderID])+1) -> 901 | AG13: =IF(COUNTIF($E$2:E13,E13)=1,ROW()-1,ROWS(Clean_Data[OrderID])+1) -> 901
A14: G0013 | B14: 46266 | C14: 7 | D14: C257 | E14: Returning | F14: North | G14: Snacks | H14: Chips | I14: 1 | J14: 40 | K14: 0.1 | L14: Cancelled | P14: =Clean_Data[[#This Row],[Quantity]]*Clean_Data[[#This Row],[UnitPrice]] -> 40 | Q14: =ROUND(Clean_Data[[#This Row],[GrossSales]]*Clean_Data[[#This Row],[DiscountPct]],2) -> 4 | R14: =IF(Clean_Data[[#This Row],[Status]]="Delivered",ROUND(Clean_Data[[#This Row],[GrossSales]]-Clean_Data[[#This Row],[DiscountAmount]],2),0) -> 0 | S14: =IF(Clean_Data[[#This Row],[OrderHour]]<6,"Night",IF(Clean_Data[[#This Row],[OrderHour]]<12,"Morning",IF(Clean_Data[[#This Row],[OrderHour]]<18,"Afternoon","Evening"))) -> Morning | T14: =TEXT(Clean_Data[[#This Row],[OrderDate]],"[$-409]ddd") -> Tue | U14: =WEEKDAY(Clean_Data[[#This Row],[OrderDate]],2) -> 2 | V14: =INT(Clean_Data[[#This Row],[OrderHour]]/6)+1 -> 2 | W14: =IF(Clean_Data[[#This Row],[Status]]="Delivered",1,0) -> 0 | X14: =IF(Clean_Data[[#This Row],[Status]]="Delivered",IF(Clean_Data[[#This Row],[DeliveryMinutes]]<=Dashboard!$X$5,1,0),0) -> 0 | Y14: =IF(AND(Clean_Data[[#This Row],[OrderDate]]>=Dashboard!$B$5,Clean_Data[[#This Row],[OrderDate]]<=Dashboard!$F$5,OR(Dashboard!$J$5="All",Clean_Data[[#This Row],[Zone]]=Dashboard!$J$5),OR(Dashboard!$P$5="All",Clean_Data[[#This Row],[Category]]=Dashboard!$P$5)),1,0) -> 1 | Z14: =IF(AND(Clean_Data[[#This Row],[Include]]=1,Clean_Data[[#This Row],[DeliveredFlag]]=1),1,0) -> 0 | AA14: =IF(COUNTIF($D$2:D14,D14)=1,ROW()-1,ROWS(Clean_Data[OrderID])+1) -> 13 | AB14: =IF(COUNTIF($F$2:F14,F14)=1,ROW()-1,ROWS(Clean_Data[OrderID])+1) -> 901 | AC14: =IF(COUNTIF($G$2:G14,G14)=1,ROW()-1,ROWS(Clean_Data[OrderID])+1) -> 13 | AD14: =IF(COUNTIF($H$2:H14,H14)=1,ROW()-1,ROWS(Clean_Data[OrderID])+1) -> 13 | AE14: =IF(COUNTIF($V$2:V14,V14)=1,V14,ROWS(Clean_Data[OrderID])+1) -> 901 | AF14: =IF(COUNTIF($U$2:U14,U14)=1,U14,ROWS(Clean_Data[OrderID])+1) -> 901 | AG14: =IF(COUNTIF($E$2:E14,E14)=1,ROW()-1,ROWS(Clean_Data[OrderID])+1) -> 901
A15: G0014 | B15: 46266 | C15: 6 | D15: C296 | E15: Returning | F15: East | G15: Produce | H15: Tomatoes | I15: 2 | J15: 45 | K15: 0.15 | L15: Delivered | M15: 31 | N15: 5 | O15: 4 | P15: =Clean_Data[[#This Row],[Quantity]]*Clean_Data[[#This Row],[UnitPrice]] -> 90 | Q15: =ROUND(Clean_Data[[#This Row],[GrossSales]]*Clean_Data[[#This Row],[DiscountPct]],2) -> 13.5 | R15: =IF(Clean_Data[[#This Row],[Status]]="Delivered",ROUND(Clean_Data[[#This Row],[GrossSales]]-Clean_Data[[#This Row],[DiscountAmount]],2),0) -> 76.5 | S15: =IF(Clean_Data[[#This Row],[OrderHour]]<6,"Night",IF(Clean_Data[[#This Row],[OrderHour]]<12,"Morning",IF(Clean_Data[[#This Row],[OrderHour]]<18,"Afternoon","Evening"))) -> Morning | T15: =TEXT(Clean_Data[[#This Row],[OrderDate]],"[$-409]ddd") -> Tue | U15: =WEEKDAY(Clean_Data[[#This Row],[OrderDate]],2) -> 2 | V15: =INT(Clean_Data[[#This Row],[OrderHour]]/6)+1 -> 2 | W15: =IF(Clean_Data[[#This Row],[Status]]="Delivered",1,0) -> 1 | X15: =IF(Clean_Data[[#This Row],[Status]]="Delivered",IF(Clean_Data[[#This Row],[DeliveryMinutes]]<=Dashboard!$X$5,1,0),0) -> 0 | Y15: =IF(AND(Clean_Data[[#This Row],[OrderDate]]>=Dashboard!$B$5,Clean_Data[[#This Row],[OrderDate]]<=Dashboard!$F$5,OR(Dashboard!$J$5="All",Clean_Data[[#This Row],[Zone]]=Dashboard!$J$5),OR(Dashboard!$P$5="All",Clean_Data[[#This Row],[Category]]=Dashboard!$P$5)),1,0) -> 1 | Z15: =IF(AND(Clean_Data[[#This Row],[Include]]=1,Clean_Data[[#This Row],[DeliveredFlag]]=1),1,0) -> 1 | AA15: =IF(COUNTIF($D$2:D15,D15)=1,ROW()-1,ROWS(Clean_Data[OrderID])+1) -> 14 | AB15: =IF(COUNTIF($F$2:F15,F15)=1,ROW()-1,ROWS(Clean_Data[OrderID])+1) -> 14 | AC15: =IF(COUNTIF($G$2:G15,G15)=1,ROW()-1,ROWS(Clean_Data[OrderID])+1) -> 901 | AD15: =IF(COUNTIF($H$2:H15,H15)=1,ROW()-1,ROWS(Clean_Data[OrderID])+1) -> 901 | AE15: =IF(COUNTIF($V$2:V15,V15)=1,V15,ROWS(Clean_Data[OrderID])+1) -> 901 | AF15: =IF(COUNTIF($U$2:U15,U15)=1,U15,ROWS(Clean_Data[OrderID])+1) -> 901 | AG15: =IF(COUNTIF($E$2:E15,E15)=1,ROW()-1,ROWS(Clean_Data[OrderID])+1) -> 901
A16: G0015 | B16: 46266 | C16: 12 | D16: C184 | E16: Returning | F16: South | G16: Beverages | H16: Juice | I16: 1 | J16: 115 | K16: 0 | L16: Delivered | M16: 27 | N16: 13 | O16: 3 | P16: =Clean_Data[[#This Row],[Quantity]]*Clean_Data[[#This Row],[UnitPrice]] -> 115 | Q16: =ROUND(Clean_Data[[#This Row],[GrossSales]]*Clean_Data[[#This Row],[DiscountPct]],2) -> 0 | R16: =IF(Clean_Data[[#This Row],[Status]]="Delivered",ROUND(Clean_Data[[#This Row],[GrossSales]]-Clean_Data[[#This Row],[DiscountAmount]],2),0) -> 115 | S16: =IF(Clean_Data[[#This Row],[OrderHour]]<6,"Night",IF(Clean_Data[[#This Row],[OrderHour]]<12,"Morning",IF(Clean_Data[[#This Row],[OrderHour]]<18,"Afternoon","Evening"))) -> Afternoon | T16: =TEXT(Clean_Data[[#This Row],[OrderDate]],"[$-409]ddd") -> Tue | U16: =WEEKDAY(Clean_Data[[#This Row],[OrderDate]],2) -> 2 | V16: =INT(Clean_Data[[#This Row],[OrderHour]]/6)+1 -> 3 | W16: =IF(Clean_Data[[#This Row],[Status]]="Delivered",1,0) -> 1 | X16: =IF(Clean_Data[[#This Row],[Status]]="Delivered",IF(Clean_Data[[#This Row],[DeliveryMinutes]]<=Dashboard!$X$5,1,0),0) -> 1 | Y16: =IF(AND(Clean_Data[[#This Row],[OrderDate]]>=Dashboard!$B$5,Clean_Data[[#This Row],[OrderDate]]<=Dashboard!$F$5,OR(Dashboard!$J$5="All",Clean_Data[[#This Row],[Zone]]=Dashboard!$J$5),OR(Dashboard!$P$5="All",Clean_Data[[#This Row],[Category]]=Dashboard!$P$5)),1,0) -> 1 | Z16: =IF(AND(Clean_Data[[#This Row],[Include]]=1,Clean_Data[[#This Row],[DeliveredFlag]]=1),1,0) -> 1 | AA16: =IF(COUNTIF($D$2:D16,D16)=1,ROW()-1,ROWS(Clean_Data[OrderID])+1) -> 15 | AB16: =IF(COUNTIF($F$2:F16,F16)=1,ROW()-1,ROWS(Clean_Data[OrderID])+1) -> 901 | AC16: =IF(COUNTIF($G$2:G16,G16)=1,ROW()-1,ROWS(Clean_Data[OrderID])+1) -> 901 | AD16: =IF(COUNTIF($H$2:H16,H16)=1,ROW()-1,ROWS(Clean_Data[OrderID])+1) -> 901 | AE16: =IF(COUNTIF($V$2:V16,V16)=1,V16,ROWS(Clean_Data[OrderID])+1) -> 901 | AF16: =IF(COUNTIF($U$2:U16,U16)=1,U16,ROWS(Clean_Data[OrderID])+1) -> 901 | AG16: =IF(COUNTIF($E$2:E16,E16)=1,ROW()-1,ROWS(Clean_Data[OrderID])+1) -> 901
A17: G0016 | B17: 46266 | C17: 11 | D17: C229 | E17: Returning | F17: West | G17: Household | H17: Tissues | I17: 6 | J17: 85 | K17: 0.15 | L17: Delivered | M17: 35 | N17: 9 | O17: 4 | P17: =Clean_Data[[#This Row],[Quantity]]*Clean_Data[[#This Row],[UnitPrice]] -> 510 | Q17: =ROUND(Clean_Data[[#This Row],[GrossSales]]*Clean_Data[[#This Row],[DiscountPct]],2) -> 76.5 | R17: =IF(Clean_Data[[#This Row],[Status]]="Delivered",ROUND(Clean_Data[[#This Row],[GrossSales]]-Clean_Data[[#This Row],[DiscountAmount]],2),0) -> 433.5 | S17: =IF(Clean_Data[[#This Row],[OrderHour]]<6,"Night",IF(Clean_Data[[#This Row],[OrderHour]]<12,"Morning",IF(Clean_Data[[#This Row],[OrderHour]]<18,"Afternoon","Evening"))) -> Morning | T17: =TEXT(Clean_Data[[#This Row],[OrderDate]],"[$-409]ddd") -> Tue | U17: =WEEKDAY(Clean_Data[[#This Row],[OrderDate]],2) -> 2 | V17: =INT(Clean_Data[[#This Row],[OrderHour]]/6)+1 -> 2 | W17: =IF(Clean_Data[[#This Row],[Status]]="Delivered",1,0) -> 1 | X17: =IF(Clean_Data[[#This Row],[Status]]="Delivered",IF(Clean_Data[[#This Row],[DeliveryMinutes]]<=Dashboard!$X$5,1,0),0) -> 0 | Y17: =IF(AND(Clean_Data[[#This Row],[OrderDate]]>=Dashboard!$B$5,Clean_Data[[#This Row],[OrderDate]]<=Dashboard!$F$5,OR(Dashboard!$J$5="All",Clean_Data[[#This Row],[Zone]]=Dashboard!$J$5),OR(Dashboard!$P$5="All",Clean_Data[[#This Row],[Category]]=Dashboard!$P$5)),1,0) -> 1 | Z17: =IF(AND(Clean_Data[[#This Row],[Include]]=1,Clean_Data[[#This Row],[DeliveredFlag]]=1),1,0) -> 1 | AA17: =IF(COUNTIF($D$2:D17,D17)=1,ROW()-1,ROWS(Clean_Data[OrderID])+1) -> 16 | AB17: =IF(COUNTIF($F$2:F17,F17)=1,ROW()-1,ROWS(Clean_Data[OrderID])+1) -> 901 | AC17: =IF(COUNTIF($G$2:G17,G17)=1,ROW()-1,ROWS(Clean_Data[OrderID])+1) -> 901 | AD17: =IF(COUNTIF($H$2:H17,H17)=1,ROW()-1,ROWS(Clean_Data[OrderID])+1) -> 901 | AE17: =IF(COUNTIF($V$2:V17,V17)=1,V17,ROWS(Clean_Data[OrderID])+1) -> 901 | AF17: =IF(COUNTIF($U$2:U17,U17)=1,U17,ROWS(Clean_Data[OrderID])+1) -> 901 | AG17: =IF(COUNTIF($E$2:E17,E17)=1,ROW()-1,ROWS(Clean_Data[OrderID])+1) -> 901
A18: G0017 | B18: 46266 | C18: 17 | D18: C004 | E18: New | F18: South | G18: Bakery | H18: Cookies | I18: 6 | J18: 110 | K18: 0 | L18: Delivered | M18: 25 | N18: 6 | O18: 5 | P18: =Clean_Data[[#This Row],[Quantity]]*Clean_Data[[#This Row],[UnitPrice]] -> 660 | Q18: =ROUND(Clean_Data[[#This Row],[GrossSales]]*Clean_Data[[#This Row],[DiscountPct]],2) -> 0 | R18: =IF(Clean_Data[[#This Row],[Status]]="Delivered",ROUND(Clean_Data[[#This Row],[GrossSales]]-Clean_Data[[#This Row],[DiscountAmount]],2),0) -> 660 | S18: =IF(Clean_Data[[#This Row],[OrderHour]]<6,"Night",IF(Clean_Data[[#This Row],[OrderHour]]<12,"Morning",IF(Clean_Data[[#This Row],[OrderHour]]<18,"Afternoon","Evening"))) -> Afternoon | T18: =TEXT(Clean_Data[[#This Row],[OrderDate]],"[$-409]ddd") -> Tue | U18: =WEEKDAY(Clean_Data[[#This Row],[OrderDate]],2) -> 2 | V18: =INT(Clean_Data[[#This Row],[OrderHour]]/6)+1 -> 3 | W18: =IF(Clean_Data[[#This Row],[Status]]="Delivered",1,0) -> 1 | X18: =IF(Clean_Data[[#This Row],[Status]]="Delivered",IF(Clean_Data[[#This Row],[DeliveryMinutes]]<=Dashboard!$X$5,1,0),0) -> 1 | Y18: =IF(AND(Clean_Data[[#This Row],[OrderDate]]>=Dashboard!$B$5,Clean_Data[[#This Row],[OrderDate]]<=Dashboard!$F$5,OR(Dashboard!$J$5="All",Clean_Data[[#This Row],[Zone]]=Dashboard!$J$5),OR(Dashboard!$P$5="All",Clean_Data[[#This Row],[Category]]=Dashboard!$P$5)),1,0) -> 1 | Z18: =IF(AND(Clean_Data[[#This Row],[Include]]=1,Clean_Data[[#This Row],[DeliveredFlag]]=1),1,0) -> 1 | AA18: =IF(COUNTIF($D$2:D18,D18)=1,ROW()-1,ROWS(Clean_Data[OrderID])+1) -> 17 | AB18: =IF(COUNTIF($F$2:F18,F18)=1,ROW()-1,ROWS(Clean_Data[OrderID])+1) -> 901 | AC18: =IF(COUNTIF($G$2:G18,G18)=1,ROW()-1,ROWS(Clean_Data[OrderID])+1) -> 901 | AD18: =IF(COUNTIF($H$2:H18,H18)=1,ROW()-1,ROWS(Clean_Data[OrderID])+1) -> 17 | AE18: =IF(COUNTIF($V$2:V18,V18)=1,V18,ROWS(Clean_Data[OrderID])+1) -> 901 | AF18: =IF(COUNTIF($U$2:U18,U18)=1,U18,ROWS(Clean_Data[OrderID])+1) -> 901 | AG18: =IF(COUNTIF($E$2:E18,E18)=1,ROW()-1,ROWS(Clean_Data[OrderID])+1) -> 901
A19: G0018 | B19: 46266 | C19: 21 | D19: C256 | E19: Returning | F19: West | G19: Bakery | H19: Cookies | I19: 5 | J19: 110 | K19: 0 | L19: Delivered | M19: 21 | N19: 8 | O19: 4 | P19: =Clean_Data[[#This Row],[Quantity]]*Clean_Data[[#This Row],[UnitPrice]] -> 550 | Q19: =ROUND(Clean_Data[[#This Row],[GrossSales]]*Clean_Data[[#This Row],[DiscountPct]],2) -> 0 | R19: =IF(Clean_Data[[#This Row],[Status]]="Delivered",ROUND(Clean_Data[[#This Row],[GrossSales]]-Clean_Data[[#This Row],[DiscountAmount]],2),0) -> 550 | S19: =IF(Clean_Data[[#This Row],[OrderHour]]<6,"Night",IF(Clean_Data[[#This Row],[OrderHour]]<12,"Morning",IF(Clean_Data[[#This Row],[OrderHour]]<18,"Afternoon","Evening"))) -> Evening | T19: =TEXT(Clean_Data[[#This Row],[OrderDate]],"[$-409]ddd") -> Tue | U19: =WEEKDAY(Clean_Data[[#This Row],[OrderDate]],2) -> 2 | V19: =INT(Clean_Data[[#This Row],[OrderHour]]/6)+1 -> 4 | W19: =IF(Clean_Data[[#This Row],[Status]]="Delivered",1,0) -> 1 | X19: =IF(Clean_Data[[#This Row],[Status]]="Delivered",IF(Clean_Data[[#This Row],[DeliveryMinutes]]<=Dashboard!$X$5,1,0),0) -> 1 | Y19: =IF(AND(Clean_Data[[#This Row],[OrderDate]]>=Dashboard!$B$5,Clean_Data[[#This Row],[OrderDate]]<=Dashboard!$F$5,OR(Dashboard!$J$5="All",Clean_Data[[#This Row],[Zone]]=Dashboard!$J$5),OR(Dashboard!$P$5="All",Clean_Data[[#This Row],[Category]]=Dashboard!$P$5)),1,0) -> 1 | Z19: =IF(AND(Clean_Data[[#This Row],[Include]]=1,Clean_Data[[#This Row],[DeliveredFlag]]=1),1,0) -> 1 | AA19: =IF(COUNTIF($D$2:D19,D19)=1,ROW()-1,ROWS(Clean_Data[OrderID])+1) -> 18 | AB19: =IF(COUNTIF($F$2:F19,F19)=1,ROW()-1,ROWS(Clean_Data[OrderID])+1) -> 901 | AC19: =IF(COUNTIF($G$2:G19,G19)=1,ROW()-1,ROWS(Clean_Data[OrderID])+1) -> 901 | AD19: =IF(COUNTIF($H$2:H19,H19)=1,ROW()-1,ROWS(Clean_Data[OrderID])+1) -> 901 | AE19: =IF(COUNTIF($V$2:V19,V19)=1,V19,ROWS(Clean_Data[OrderID])+1) -> 901 | AF19: =IF(COUNTIF($U$2:U19,U19)=1,U19,ROWS(Clean_Data[OrderID])+1) -> 901 | AG19: =IF(COUNTIF($E$2:E19,E19)=1,ROW()-1,ROWS(Clean_Data[OrderID])+1) -> 901
A20: G0019 | B20: 46266 | C20: 6 | D20: C166 | E20: Returning | F20: East | G20: Household | H20: Detergent | I20: 5 | J20: 240 | K20: 0.15 | L20: Delivered | M20: 35 | N20: 15 | O20: 4 | P20: =Clean_Data[[#This Row],[Quantity]]*Clean_Data[[#This Row],[UnitPrice]] -> 1200 | Q20: =ROUND(Clean_Data[[#This Row],[GrossSales]]*Clean_Data[[#This Row],[DiscountPct]],2) -> 180 | R20: =IF(Clean_Data[[#This Row],[Status]]="Delivered",ROUND(Clean_Data[[#This Row],[GrossSales]]-Clean_Data[[#This Row],[DiscountAmount]],2),0) -> 1020 | S20: =IF(Clean_Data[[#This Row],[OrderHour]]<6,"Night",IF(Clean_Data[[#This Row],[OrderHour]]<12,"Morning",IF(Clean_Data[[#This Row],[OrderHour]]<18,"Afternoon","Evening"))) -> Morning | T20: =TEXT(Clean_Data[[#This Row],[OrderDate]],"[$-409]ddd") -> Tue | U20: =WEEKDAY(Clean_Data[[#This Row],[OrderDate]],2) -> 2 | V20: =INT(Clean_Data[[#This Row],[OrderHour]]/6)+1 -> 2 | W20: =IF(Clean_Data[[#This Row],[Status]]="Delivered",1,0) -> 1 | X20: =IF(Clean_Data[[#This Row],[Status]]="Delivered",IF(Clean_Data[[#This Row],[DeliveryMinutes]]<=Dashboard!$X$5,1,0),0) -> 0 | Y20: =IF(AND(Clean_Data[[#This Row],[OrderDate]]>=Dashboard!$B$5,Clean_Data[[#This Row],[OrderDate]]<=Dashboard!$F$5,OR(Dashboard!$J$5="All",Clean_Data[[#This Row],[Zone]]=Dashboard!$J$5),OR(Dashboard!$P$5="All",Clean_Data[[#This Row],[Category]]=Dashboard!$P$5)),1,0) -> 1 | Z20: =IF(AND(Clean_Data[[#This Row],[Include]]=1,Clean_Data[[#This Row],[DeliveredFlag]]=1),1,0) -> 1 | AA20: =IF(COUNTIF($D$2:D20,D20)=1,ROW()-1,ROWS(Clean_Data[OrderID])+1) -> 19 | AB20: =IF(COUNTIF($F$2:F20,F20)=1,ROW()-1,ROWS(Clean_Data[OrderID])+1) -> 901 | AC20: =IF(COUNTIF($G$2:G20,G20)=1,ROW()-1,ROWS(Clean_Data[OrderID])+1) -> 901 | AD20: =IF(COUNTIF($H$2:H20,H20)=1,ROW()-1,ROWS(Clean_Data[OrderID])+1) -> 901 | AE20: =IF(COUNTIF($V$2:V20,V20)=1,V20,ROWS(Clean_Data[OrderID])+1) -> 901 | AF20: =IF(COUNTIF($U$2:U20,U20)=1,U20,ROWS(Clean_Data[OrderID])+1) -> 901 | AG20: =IF(COUNTIF($E$2:E20,E20)=1,ROW()-1,ROWS(Clean_Data[OrderID])+1) -> 901
A21: G0020 | B21: 46266 | C21: 11 | D21: C022 | E21: New | F21: West | G21: Produce | H21: Apples | I21: 1 | J21: 130 | K21: 0 | L21: Delivered | M21: 28 | N21: 9 | O21: 5 | P21: =Clean_Data[[#This Row],[Quantity]]*Clean_Data[[#This Row],[UnitPrice]] -> 130 | Q21: =ROUND(Clean_Data[[#This Row],[GrossSales]]*Clean_Data[[#This Row],[DiscountPct]],2) -> 0 | R21: =IF(Clean_Data[[#This Row],[Status]]="Delivered",ROUND(Clean_Data[[#This Row],[GrossSales]]-Clean_Data[[#This Row],[DiscountAmount]],2),0) -> 130 | S21: =IF(Clean_Data[[#This Row],[OrderHour]]<6,"Night",IF(Clean_Data[[#This Row],[OrderHour]]<12,"Morning",IF(Clean_Data[[#This Row],[OrderHour]]<18,"Afternoon","Evening"))) -> Morning | T21: =TEXT(Clean_Data[[#This Row],[OrderDate]],"[$-409]ddd") -> Tue | U21: =WEEKDAY(Clean_Data[[#This Row],[OrderDate]],2) -> 2 | V21: =INT(Clean_Data[[#This Row],[OrderHour]]/6)+1 -> 2 | W21: =IF(Clean_Data[[#This Row],[Status]]="Delivered",1,0) -> 1 | X21: =IF(Clean_Data[[#This Row],[Status]]="Delivered",IF(Clean_Data[[#This Row],[DeliveryMinutes]]<=Dashboard!$X$5,1,0),0) -> 1 | Y21: =IF(AND(Clean_Data[[#This Row],[OrderDate]]>=Dashboard!$B$5,Clean_Data[[#This Row],[OrderDate]]<=Dashboard!$F$5,OR(Dashboard!$J$5="All",Clean_Data[[#This Row],[Zone]]=Dashboard!$J$5),OR(Dashboard!$P$5="All",Clean_Data[[#This Row],[Category]]=Dashboard!$P$5)),1,0) -> 1 | Z21: =IF(AND(Clean_Data[[#This Row],[Include]]=1,Clean_Data[[#This Row],[DeliveredFlag]]=1),1,0) -> 1 | AA21: =IF(COUNTIF($D$2:D21,D21)=1,ROW()-1,ROWS(Clean_Data[OrderID])+1) -> 20 | AB21: =IF(COUNTIF($F$2:F21,F21)=1,ROW()-1,ROWS(Clean_Data[OrderID])+1) -> 901 | AC21: =IF(COUNTIF($G$2:G21,G21)=1,ROW()-1,ROWS(Clean_Data[OrderID])+1) -> 901 | AD21: =IF(COUNTIF($H$2:H21,H21)=1,ROW()-1,ROWS(Clean_Data[OrderID])+1) -> 20 | AE21: =IF(COUNTIF($V$2:V21,V21)=1,V21,ROWS(Clean_Data[OrderID])+1) -> 901 | AF21: =IF(COUNTIF($U$2:U21,U21)=1,U21,ROWS(Clean_Data[OrderID])+1) -> 901 | AG21: =IF(COUNTIF($E$2:E21,E21)=1,ROW()-1,ROWS(Clean_Data[OrderID])+1) -> 901
A22: G0021 | B22: 46266 | C22: 16 | D22: C113 | E22: Returning | F22: West | G22: Bakery | H22: Croissants | I22: 5 | J22: 95 | K22: 0 | L22: Delivered | M22: 27 | N22: 13 | O22: 4 | P22: =Clean_Data[[#This Row],[Quantity]]*Clean_Data[[#This Row],[UnitPrice]] -> 475 | Q22: =ROUND(Clean_Data[[#This Row],[GrossSales]]*Clean_Data[[#This Row],[DiscountPct]],2) -> 0 | R22: =IF(Clean_Data[[#This Row],[Status]]="Delivered",ROUND(Clean_Data[[#This Row],[GrossSales]]-Clean_Data[[#This Row],[DiscountAmount]],2),0) -> 475 | S22: =IF(Clean_Data[[#This Row],[OrderHour]]<6,"Night",IF(Clean_Data[[#This Row],[OrderHour]]<12,"Morning",IF(Clean_Data[[#This Row],[OrderHour]]<18,"Afternoon","Evening"))) -> Afternoon | T22: =TEXT(Clean_Data[[#This Row],[OrderDate]],"[$-409]ddd") -> Tue | U22: =WEEKDAY(Clean_Data[[#This Row],[OrderDate]],2) -> 2 | V22: =INT(Clean_Data[[#This Row],[OrderHour]]/6)+1 -> 3 | W22: =IF(Clean_Data[[#This Row],[Status]]="Delivered",1,0) -> 1 | X22: =IF(Clean_Data[[#This Row],[Status]]="Delivered",IF(Clean_Data[[#This Row],[DeliveryMinutes]]<=Dashboard!$X$5,1,0),0) -> 1 | Y22: =IF(AND(Clean_Data[[#This Row],[OrderDate]]>=Dashboard!$B$5,Clean_Data[[#This Row],[OrderDate]]<=Dashboard!$F$5,OR(Dashboard!$J$5="All",Clean_Data[[#This Row],[Zone]]=Dashboard!$J$5),OR(Dashboard!$P$5="All",Clean_Data[[#This Row],[Category]]=Dashboard!$P$5)),1,0) -> 1 | Z22: =IF(AND(Clean_Data[[#This Row],[Include]]=1,Clean_Data[[#This Row],[DeliveredFlag]]=1),1,0) -> 1 | AA22: =IF(COUNTIF($D$2:D22,D22)=1,ROW()-1,ROWS(Clean_Data[OrderID])+1) -> 21 | AB22: =IF(COUNTIF($F$2:F22,F22)=1,ROW()-1,ROWS(Clean_Data[OrderID])+1) -> 901 | AC22: =IF(COUNTIF($G$2:G22,G22)=1,ROW()-1,ROWS(Clean_Data[OrderID])+1) -> 901 | AD22: =IF(COUNTIF($H$2:H22,H22)=1,ROW()-1,ROWS(Clean_Data[OrderID])+1) -> 901 | AE22: =IF(COUNTIF($V$2:V22,V22)=1,V22,ROWS(Clean_Data[OrderID])+1) -> 901 | AF22: =IF(COUNTIF($U$2:U22,U22)=1,U22,ROWS(Clean_Data[OrderID])+1) -> 901 | AG22: =IF(COUNTIF($E$2:E22,E22)=1,ROW()-1,ROWS(Clean_Data[OrderID])+1) -> 901
A23: G0022 | B23: 46266 | C23: 6 | D23: C217 | E23: Returning | F23: Central | G23: Bakery | H23: Croissants | I23: 6 | J23: 95 | K23: 0.05 | L23: Delivered | M23: 23 | N23: 5 | O23: 5 | P23: =Clean_Data[[#This Row],[Quantity]]*Clean_Data[[#This Row],[UnitPrice]] -> 570 | Q23: =ROUND(Clean_Data[[#This Row],[GrossSales]]*Clean_Data[[#This Row],[DiscountPct]],2) -> 28.5 | R23: =IF(Clean_Data[[#This Row],[Status]]="Delivered",ROUND(Clean_Data[[#This Row],[GrossSales]]-Clean_Data[[#This Row],[DiscountAmount]],2),0) -> 541.5 | S23: =IF(Clean_Data[[#This Row],[OrderHour]]<6,"Night",IF(Clean_Data[[#This Row],[OrderHour]]<12,"Morning",IF(Clean_Data[[#This Row],[OrderHour]]<18,"Afternoon","Evening"))) -> Morning | T23: =TEXT(Clean_Data[[#This Row],[OrderDate]],"[$-409]ddd") -> Tue | U23: =WEEKDAY(Clean_Data[[#This Row],[OrderDate]],2) -> 2 | V23: =INT(Clean_Data[[#This Row],[OrderHour]]/6)+1 -> 2 | W23: =IF(Clean_Data[[#This Row],[Status]]="Delivered",1,0) -> 1 | X23: =IF(Clean_Data[[#This Row],[Status]]="Delivered",IF(Clean_Data[[#This Row],[DeliveryMinutes]]<=Dashboard!$X$5,1,0),0) -> 1 | Y23: =IF(AND(Clean_Data[[#This Row],[OrderDate]]>=Dashboard!$B$5,Clean_Data[[#This Row],[OrderDate]]<=Dashboard!$F$5,OR(Dashboard!$J$5="All",Clean_Data[[#This Row],[Zone]]=Dashboard!$J$5),OR(Dashboard!$P$5="All",Clean_Data[[#This Row],[Category]]=Dashboard!$P$5)),1,0) -> 1 | Z23: =IF(AND(Clean_Data[[#This Row],[Include]]=1,Clean_Data[[#This Row],[DeliveredFlag]]=1),1,0) -> 1 | AA23: =IF(COUNTIF($D$2:D23,D23)=1,ROW()-1,ROWS(Clean_Data[OrderID])+1) -> 22 | AB23: =IF(COUNTIF($F$2:F23,F23)=1,ROW()-1,ROWS(Clean_Data[OrderID])+1) -> 901 | AC23: =IF(COUNTIF($G$2:G23,G23)=1,ROW()-1,ROWS(Clean_Data[OrderID])+1) -> 901 | AD23: =IF(COUNTIF($H$2:H23,H23)=1,ROW()-1,ROWS(Clean_Data[OrderID])+1) -> 901 | AE23: =IF(COUNTIF($V$2:V23,V23)=1,V23,ROWS(Clean_Data[OrderID])+1) -> 901 | AF23: =IF(COUNTIF($U$2:U23,U23)=1,U23,ROWS(Clean_Data[OrderID])+1) -> 901 | AG23: =IF(COUNTIF($E$2:E23,E23)=1,ROW()-1,ROWS(Clean_Data[OrderID])+1) -> 901
A24: G0023 | B24: 46266 | C24: 9 | D24: C041 | E24: New | F24: North | G24: Bakery | H24: Croissants | I24: 4 | J24: 95 | K24: 0 | L24: Cancelled | P24: =Clean_Data[[#This Row],[Quantity]]*Clean_Data[[#This Row],[UnitPrice]] -> 380 | Q24: =ROUND(Clean_Data[[#This Row],[GrossSales]]*Clean_Data[[#This Row],[DiscountPct]],2) -> 0 | R24: =IF(Clean_Data[[#This Row],[Status]]="Delivered",ROUND(Clean_Data[[#This Row],[GrossSales]]-Clean_Data[[#This Row],[DiscountAmount]],2),0) -> 0 | S24: =IF(Clean_Data[[#This Row],[OrderHour]]<6,"Night",IF(Clean_Data[[#This Row],[OrderHour]]<12,"Morning",IF(Clean_Data[[#This Row],[OrderHour]]<18,"Afternoon","Evening"))) -> Morning | T24: =TEXT(Clean_Data[[#This Row],[OrderDate]],"[$-409]ddd") -> Tue | U24: =WEEKDAY(Clean_Data[[#This Row],[OrderDate]],2) -> 2 | V24: =INT(Clean_Data[[#This Row],[OrderHour]]/6)+1 -> 2 | W24: =IF(Clean_Data[[#This Row],[Status]]="Delivered",1,0) -> 0 | X24: =IF(Clean_Data[[#This Row],[Status]]="Delivered",IF(Clean_Data[[#This Row],[DeliveryMinutes]]<=Dashboard!$X$5,1,0),0) -> 0 | Y24: =IF(AND(Clean_Data[[#This Row],[OrderDate]]>=Dashboard!$B$5,Clean_Data[[#This Row],[OrderDate]]<=Dashboard!$F$5,OR(Dashboard!$J$5="All",Clean_Data[[#This Row],[Zone]]=Dashboard!$J$5),OR(Dashboard!$P$5="All",Clean_Data[[#This Row],[Category]]=Dashboard!$P$5)),1,0) -> 1 | Z24: =IF(AND(Clean_Data[[#This Row],[Include]]=1,Clean_Data[[#This Row],[DeliveredFlag]]=1),1,0) -> 0 | AA24: =IF(COUNTIF($D$2:D24,D24)=1,ROW()-1,ROWS(Clean_Data[OrderID])+1) -> 23 | AB24: =IF(COUNTIF($F$2:F24,F24)=1,ROW()-1,ROWS(Clean_Data[OrderID])+1) -> 901 | AC24: =IF(COUNTIF($G$2:G24,G24)=1,ROW()-1,ROWS(Clean_Data[OrderID])+1) -> 901 | AD24: =IF(COUNTIF($H$2:H24,H24)=1,ROW()-1,ROWS(Clean_Data[OrderID])+1) -> 901 | AE24: =IF(COUNTIF($V$2:V24,V24)=1,V24,ROWS(Clean_Data[OrderID])+1) -> 901 | AF24: =IF(COUNTIF($U$2:U24,U24)=1,U24,ROWS(Clean_Data[OrderID])+1) -> 901 | AG24: =IF(COUNTIF($E$2:E24,E24)=1,ROW()-1,ROWS(Clean_Data[OrderID])+1) -> 901
A25: G0024 | B25: 46266 | C25: 20 | D25: C137 | E25: Returning | F25: East | G25: Snacks | H25: Nuts | I25: 1 | J25: 180 | K25: 0 | L25: Delivered | M25: 34 | N25: 8 | O25: 3 | P25: =Clean_Data[[#This Row],[Quantity]]*Clean_Data[[#This Row],[UnitPrice]] -> 180 | Q25: =ROUND(Clean_Data[[#This Row],[GrossSales]]*Clean_Data[[#This Row],[DiscountPct]],2) -> 0 | R25: =IF(Clean_Data[[#This Row],[Status]]="Delivered",ROUND(Clean_Data[[#This Row],[GrossSales]]-Clean_Data[[#This Row],[DiscountAmount]],2),0) -> 180 | S25: =IF(Clean_Data[[#This Row],[OrderHour]]<6,"Night",IF(Clean_Data[[#This Row],[OrderHour]]<12,"Morning",IF(Clean_Data[[#This Row],[OrderHour]]<18,"Afternoon","Evening"))) -> Evening | T25: =TEXT(Clean_Data[[#This Row],[OrderDate]],"[$-409]ddd") -> Tue | U25: =WEEKDAY(Clean_Data[[#This Row],[OrderDate]],2) -> 2 | V25: =INT(Clean_Data[[#This Row],[OrderHour]]/6)+1 -> 4 | W25: =IF(Clean_Data[[#This Row],[Status]]="Delivered",1,0) -> 1 | X25: =IF(Clean_Data[[#This Row],[Status]]="Delivered",IF(Clean_Data[[#This Row],[DeliveryMinutes]]<=Dashboard!$X$5,1,0),0) -> 0 | Y25: =IF(AND(Clean_Data[[#This Row],[OrderDate]]>=Dashboard!$B$5,Clean_Data[[#This Row],[OrderDate]]<=Dashboard!$F$5,OR(Dashboard!$J$5="All",Clean_Data[[#This Row],[Zone]]=Dashboard!$J$5),OR(Dashboard!$P$5="All",Clean_Data[[#This Row],[Category]]=Dashboard!$P$5)),1,0) -> 1 | Z25: =IF(AND(Clean_Data[[#This Row],[Include]]=1,Clean_Data[[#This Row],[DeliveredFlag]]=1),1,0) -> 1 | AA25: =IF(COUNTIF($D$2:D25,D25)=1,ROW()-1,ROWS(Clean_Data[OrderID])+1) -> 24 | AB25: =IF(COUNTIF($F$2:F25,F25)=1,ROW()-1,ROWS(Clean_Data[OrderID])+1) -> 901 | AC25: =IF(COUNTIF($G$2:G25,G25)=1,ROW()-1,ROWS(Clean_Data[OrderID])+1) -> 901 | AD25: =IF(COUNTIF($H$2:H25,H25)=1,ROW()-1,ROWS(Clean_Data[OrderID])+1) -> 24 | AE25: =IF(COUNTIF($V$2:V25,V25)=1,V25,ROWS(Clean_Data[OrderID])+1) -> 901 | AF25: =IF(COUNTIF($U$2:U25,U25)=1,U25,ROWS(Clean_Data[OrderID])+1) -> 901 | AG25: =IF(COUNTIF($E$2:E25,E25)=1,ROW()-1,ROWS(Clean_Data[OrderID])+1) -> 901
A26: G0025 | B26: 46266 | C26: 17 | D26: C217 | E26: Returning | F26: East | G26: Household | H26: Dish soap | I26: 1 | J26: 120 | K26: 0 | L26: Delivered | M26: 25 | N26: 4 | O26: 4 | P26: =Clean_Data[[#This Row],[Quantity]]*Clean_Data[[#This Row],[UnitPrice]] -> 120 | Q26: =ROUND(Clean_Data[[#This Row],[GrossSales]]*Clean_Data[[#This Row],[DiscountPct]],2) -> 0 | R26: =IF(Clean_Data[[#This Row],[Status]]="Delivered",ROUND(Clean_Data[[#This Row],[GrossSales]]-Clean_Data[[#This Row],[DiscountAmount]],2),0) -> 120 | S26: =IF(Clean_Data[[#This Row],[OrderHour]]<6,"Night",IF(Clean_Data[[#This Row],[OrderHour]]<12,"Morning",IF(Clean_Data[[#This Row],[OrderHour]]<18,"Afternoon","Evening"))) -> Afternoon | T26: =TEXT(Clean_Data[[#This Row],[OrderDate]],"[$-409]ddd") -> Tue | U26: =WEEKDAY(Clean_Data[[#This Row],[OrderDate]],2) -> 2 | V26: =INT(Clean_Data[[#This Row],[OrderHour]]/6)+1 -> 3 | W26: =IF(Clean_Data[[#This Row],[Status]]="Delivered",1,0) -> 1 | X26: =IF(Clean_Data[[#This Row],[Status]]="Delivered",IF(Clean_Data[[#This Row],[DeliveryMinutes]]<=Dashboard!$X$5,1,0),0) -> 1 | Y26: =IF(AND(Clean_Data[[#This Row],[OrderDate]]>=Dashboard!$B$5,Clean_Data[[#This Row],[OrderDate]]<=Dashboard!$F$5,OR(Dashboard!$J$5="All",Clean_Data[[#This Row],[Zone]]=Dashboard!$J$5),OR(Dashboard!$P$5="All",Clean_Data[[#This Row],[Category]]=Dashboard!$P$5)),1,0) -> 1 | Z26: =IF(AND(Clean_Data[[#This Row],[Include]]=1,Clean_Data[[#This Row],[DeliveredFlag]]=1),1,0) -> 1 | AA26: =IF(COUNTIF($D$2:D26,D26)=1,ROW()-1,ROWS(Clean_Data[OrderID])+1) -> 901 | AB26: =IF(COUNTIF($F$2:F26,F26)=1,ROW()-1,ROWS(Clean_Data[OrderID])+1) -> 901 | AC26: =IF(COUNTIF($G$2:G26,G26)=1,ROW()-1,ROWS(Clean_Data[OrderID])+1) -> 901 | AD26: =IF(COUNTIF($H$2:H26,H26)=1,ROW()-1,ROWS(Clean_Data[OrderID])+1) -> 901 | AE26: =IF(COUNTIF($V$2:V26,V26)=1,V26,ROWS(Clean_Data[OrderID])+1) -> 901 | AF26: =IF(COUNTIF($U$2:U26,U26)=1,U26,ROWS(Clean_Data[OrderID])+1) -> 901 | AG26: =IF(COUNTIF($E$2:E26,E26)=1,ROW()-1,ROWS(Clean_Data[OrderID])+1) -> 901
A27: G0026 | B27: 46266 | C27: 22 | D27: C227 | E27: Returning | F27: South | G27: Snacks | H27: Nuts | I27: 2 | J27: 180 | K27: 0 | L27: Delivered | M27: 20 | N27: 9 | O27: 5 | P27: =Clean_Data[[#This Row],[Quantity]]*Clean_Data[[#This Row],[UnitPrice]] -> 360 | Q27: =ROUND(Clean_Data[[#This Row],[GrossSales]]*Clean_Data[[#This Row],[DiscountPct]],2) -> 0 | R27: =IF(Clean_Data[[#This Row],[Status]]="Delivered",ROUND(Clean_Data[[#This Row],[GrossSales]]-Clean_Data[[#This Row],[DiscountAmount]],2),0) -> 360 | S27: =IF(Clean_Data[[#This Row],[OrderHour]]<6,"Night",IF(Clean_Data[[#This Row],[OrderHour]]<12,"Morning",IF(Clean_Data[[#This Row],[OrderHour]]<18,"Afternoon","Evening"))) -> Evening | T27: =TEXT(Clean_Data[[#This Row],[OrderDate]],"[$-409]ddd") -> Tue | U27: =WEEKDAY(Clean_Data[[#This Row],[OrderDate]],2) -> 2 | V27: =INT(Clean_Data[[#This Row],[OrderHour]]/6)+1 -> 4 | W27: =IF(Clean_Data[[#This Row],[Status]]="Delivered",1,0) -> 1 | X27: =IF(Clean_Data[[#This Row],[Status]]="Delivered",IF(Clean_Data[[#This Row],[DeliveryMinutes]]<=Dashboard!$X$5,1,0),0) -> 1 | Y27: =IF(AND(Clean_Data[[#This Row],[OrderDate]]>=Dashboard!$B$5,Clean_Data[[#This Row],[OrderDate]]<=Dashboard!$F$5,OR(Dashboard!$J$5="All",Clean_Data[[#This Row],[Zone]]=Dashboard!$J$5),OR(Dashboard!$P$5="All",Clean_Data[[#This Row],[Category]]=Dashboard!$P$5)),1,0) -> 1 | Z27: =IF(AND(Clean_Data[[#This Row],[Include]]=1,Clean_Data[[#This Row],[DeliveredFlag]]=1),1,0) -> 1 | AA27: =IF(COUNTIF($D$2:D27,D27)=1,ROW()-1,ROWS(Clean_Data[OrderID])+1) -> 26 | AB27: =IF(COUNTIF($F$2:F27,F27)=1,ROW()-1,ROWS(Clean_Data[OrderID])+1) -> 901 | AC27: =IF(COUNTIF($G$2:G27,G27)=1,ROW()-1,ROWS(Clean_Data[OrderID])+1) -> 901 | AD27: =IF(COUNTIF($H$2:H27,H27)=1,ROW()-1,ROWS(Clean_Data[OrderID])+1) -> 901 | AE27: =IF(COUNTIF($V$2:V27,V27)=1,V27,ROWS(Clean_Data[OrderID])+1) -> 901 | AF27: =IF(COUNTIF($U$2:U27,U27)=1,U27,ROWS(Clean_Data[OrderID])+1) -> 901 | AG27: =IF(COUNTIF($E$2:E27,E27)=1,ROW()-1,ROWS(Clean_Data[OrderID])+1) -> 901
A28: G0027 | B28: 46266 | C28: 15 | D28: C203 | E28: Returning | F28: South | G28: Household | H28: Dish soap | I28: 5 | J28: 120 | K28: 0 | L28: Delivered | M28: 22 | N28: 7 | O28: 5 | P28: =Clean_Data[[#This Row],[Quantity]]*Clean_Data[[#This Row],[UnitPrice]] -> 600 | Q28: =ROUND(Clean_Data[[#This Row],[GrossSales]]*Clean_Data[[#This Row],[DiscountPct]],2) -> 0 | R28: =IF(Clean_Data[[#This Row],[Status]]="Delivered",ROUND(Clean_Data[[#This Row],[GrossSales]]-Clean_Data[[#This Row],[DiscountAmount]],2),0) -> 600 | S28: =IF(Clean_Data[[#This Row],[OrderHour]]<6,"Night",IF(Clean_Data[[#This Row],[OrderHour]]<12,"Morning",IF(Clean_Data[[#This Row],[OrderHour]]<18,"Afternoon","Evening"))) -> Afternoon | T28: =TEXT(Clean_Data[[#This Row],[OrderDate]],"[$-409]ddd") -> Tue | U28: =WEEKDAY(Clean_Data[[#This Row],[OrderDate]],2) -> 2 | V28: =INT(Clean_Data[[#This Row],[OrderHour]]/6)+1 -> 3 | W28: =IF(Clean_Data[[#This Row],[Status]]="Delivered",1,0) -> 1 | X28: =IF(Clean_Data[[#This Row],[Status]]="Delivered",IF(Clean_Data[[#This Row],[DeliveryMinutes]]<=Dashboard!$X$5,1,0),0) -> 1 | Y28: =IF(AND(Clean_Data[[#This Row],[OrderDate]]>=Dashboard!$B$5,Clean_Data[[#This Row],[OrderDate]]<=Dashboard!$F$5,OR(Dashboard!$J$5="All",Clean_Data[[#This Row],[Zone]]=Dashboard!$J$5),OR(Dashboard!$P$5="All",Clean_Data[[#This Row],[Category]]=Dashboard!$P$5)),1,0) -> 1 | Z28: =IF(AND(Clean_Data[[#This Row],[Include]]=1,Clean_Data[[#This Row],[DeliveredFlag]]=1),1,0) -> 1 | AA28: =IF(COUNTIF($D$2:D28,D28)=1,ROW()-1,ROWS(Clean_Data[OrderID])+1) -> 27 | AB28: =IF(COUNTIF($F$2:F28,F28)=1,ROW()-1,ROWS(Clean_Data[OrderID])+1) -> 901 | AC28: =IF(COUNTIF($G$2:G28,G28)=1,ROW()-1,ROWS(Clean_Data[OrderID])+1) -> 901 | AD28: =IF(COUNTIF($H$2:H28,H28)=1,ROW()-1,ROWS(Clean_Data[OrderID])+1) -> 901 | AE28: =IF(COUNTIF($V$2:V28,V28)=1,V28,ROWS(Clean_Data[OrderID])+1) -> 901 | AF28: =IF(COUNTIF($U$2:U28,U28)=1,U28,ROWS(Clean_Data[OrderID])+1) -> 901 | AG28: =IF(COUNTIF($E$2:E28,E28)=1,ROW()-1,ROWS(Clean_Data[OrderID])+1) -> 901
A29: G0028 | B29: 46266 | C29: 18 | D29: C110 | E29: Returning | F29: East | G29: Bakery | H29: Cookies | I29: 3 | J29: 110 | K29: 0.15 | L29: Delivered | M29: 34 | N29: 9 | O29: 5 | P29: =Clean_Data[[#This Row],[Quantity]]*Clean_Data[[#This Row],[UnitPrice]] -> 330 | Q29: =ROUND(Clean_Data[[#This Row],[GrossSales]]*Clean_Data[[#This Row],[DiscountPct]],2) -> 49.5 | R29: =IF(Clean_Data[[#This Row],[Status]]="Delivered",ROUND(Clean_Data[[#This Row],[GrossSales]]-Clean_Data[[#This Row],[DiscountAmount]],2),0) -> 280.5 | S29: =IF(Clean_Data[[#This Row],[OrderHour]]<6,"Night",IF(Clean_Data[[#This Row],[OrderHour]]<12,"Morning",IF(Clean_Data[[#This Row],[OrderHour]]<18,"Afternoon","Evening"))) -> Evening | T29: =TEXT(Clean_Data[[#This Row],[OrderDate]],"[$-409]ddd") -> Tue | U29: =WEEKDAY(Clean_Data[[#This Row],[OrderDate]],2) -> 2 | V29: =INT(Clean_Data[[#This Row],[OrderHour]]/6)+1 -> 4 | W29: =IF(Clean_Data[[#This Row],[Status]]="Delivered",1,0) -> 1 | X29: =IF(Clean_Data[[#This Row],[Status]]="Delivered",IF(Clean_Data[[#This Row],[DeliveryMinutes]]<=Dashboard!$X$5,1,0),0) -> 0 | Y29: =IF(AND(Clean_Data[[#This Row],[OrderDate]]>=Dashboard!$B$5,Clean_Data[[#This Row],[OrderDate]]<=Dashboard!$F$5,OR(Dashboard!$J$5="All",Clean_Data[[#This Row],[Zone]]=Dashboard!$J$5),OR(Dashboard!$P$5="All",Clean_Data[[#This Row],[Category]]=Dashboard!$P$5)),1,0) -> 1 | Z29: =IF(AND(Clean_Data[[#This Row],[Include]]=1,Clean_Data[[#This Row],[DeliveredFlag]]=1),1,0) -> 1 | AA29: =IF(COUNTIF($D$2:D29,D29)=1,ROW()-1,ROWS(Clean_Data[OrderID])+1) -> 28 | AB29: =IF(COUNTIF($F$2:F29,F29)=1,ROW()-1,ROWS(Clean_Data[OrderID])+1) -> 901 | AC29: =IF(COUNTIF($G$2:G29,G29)=1,ROW()-1,ROWS(Clean_Data[OrderID])+1) -> 901 | AD29: =IF(COUNTIF($H$2:H29,H29)=1,ROW()-1,ROWS(Clean_Data[OrderID])+1) -> 901 | AE29: =IF(COUNTIF($V$2:V29,V29)=1,V29,ROWS(Clean_Data[OrderID])+1) -> 901 | AF29: =IF(COUNTIF($U$2:U29,U29)=1,U29,ROWS(Clean_Data[OrderID])+1) -> 901 | AG29: =IF(COUNTIF($E$2:E29,E29)=1,ROW()-1,ROWS(Clean_Data[OrderID])+1) -> 901
A30: G0029 | B30: 46266 | C30: 14 | D30: C161 | E30: Returning | F30: Central | G30: Bakery | H30: Cookies | I30: 6 | J30: 110 | K30: 0 | L30: Delivered | M30: 22 | N30: 15 | O30: 3 | P30: =Clean_Data[[#This Row],[Quantity]]*Clean_Data[[#This Row],[UnitPrice]] -> 660 | Q30: =ROUND(Clean_Data[[#This Row],[GrossSales]]*Clean_Data[[#This Row],[DiscountPct]],2) -> 0 | R30: =IF(Clean_Data[[#This Row],[Status]]="Delivered",ROUND(Clean_Data[[#This Row],[GrossSales]]-Clean_Data[[#This Row],[DiscountAmount]],2),0) -> 660 | S30: =IF(Clean_Data[[#This Row],[OrderHour]]<6,"Night",IF(Clean_Data[[#This Row],[OrderHour]]<12,"Morning",IF(Clean_Data[[#This Row],[OrderHour]]<18,"Afternoon","Evening"))) -> Afternoon | T30: =TEXT(Clean_Data[[#This Row],[OrderDate]],"[$-409]ddd") -> Tue | U30: =WEEKDAY(Clean_Data[[#This Row],[OrderDate]],2) -> 2 | V30: =INT(Clean_Data[[#This Row],[OrderHour]]/6)+1 -> 3 | W30: =IF(Clean_Data[[#This Row],[Status]]="Delivered",1,0) -> 1 | X30: =IF(Clean_Data[[#This Row],[Status]]="Delivered",IF(Clean_Data[[#This Row],[DeliveryMinutes]]<=Dashboard!$X$5,1,0),0) -> 1 | Y30: =IF(AND(Clean_Data[[#This Row],[OrderDate]]>=Dashboard!$B$5,Clean_Data[[#This Row],[OrderDate]]<=Dashboard!$F$5,OR(Dashboard!$J$5="All",Clean_Data[[#This Row],[Zone]]=Dashboard!$J$5),OR(Dashboard!$P$5="All",Clean_Data[[#This Row],[Category]]=Dashboard!$P$5)),1,0) -> 1 | Z30: =IF(AND(Clean_Data[[#This Row],[Include]]=1,Clean_Data[[#This Row],[DeliveredFlag]]=1),1,0) -> 1 | AA30: =IF(COUNTIF($D$2:D30,D30)=1,ROW()-1,ROWS(Clean_Data[OrderID])+1) -> 29 | AB30: =IF(COUNTIF($F$2:F30,F30)=1,ROW()-1,ROWS(Clean_Data[OrderID])+1) -> 901 | AC30: =IF(COUNTIF($G$2:G30,G30)=1,ROW()-1,ROWS(Clean_Data[OrderID])+1) -> 901 | AD30: =IF(COUNTIF($H$2:H30,H30)=1,ROW()-1,ROWS(Clean_Data[OrderID])+1) -> 901 | AE30: =IF(COUNTIF($V$2:V30,V30)=1,V30,ROWS(Clean_Data[OrderID])+1) -> 901 | AF30: =IF(COUNTIF($U$2:U30,U30)=1,U30,ROWS(Clean_Data[OrderID])+1) -> 901 | AG30: =IF(COUNTIF($E$2:E30,E30)=1,ROW()-1,ROWS(Clean_Data[OrderID])+1) -> 901
A31: G0030 | B31: 46266 | C31: 8 | D31: C103 | E31: Returning | F31: North | G31: Dairy | H31: Cheese | I31: 6 | J31: 155 | K31: 0.05 | L31: Delivered | M31: 16 | N31: 9 | O31: 5 | P31: =Clean_Data[[#This Row],[Quantity]]*Clean_Data[[#This Row],[UnitPrice]] -> 930 | Q31: =ROUND(Clean_Data[[#This Row],[GrossSales]]*Clean_Data[[#This Row],[DiscountPct]],2) -> 46.5 | R31: =IF(Clean_Data[[#This Row],[Status]]="Delivered",ROUND(Clean_Data[[#This Row],[GrossSales]]-Clean_Data[[#This Row],[DiscountAmount]],2),0) -> 883.5 | S31: =IF(Clean_Data[[#This Row],[OrderHour]]<6,"Night",IF(Clean_Data[[#This Row],[OrderHour]]<12,"Morning",IF(Clean_Data[[#This Row],[OrderHour]]<18,"Afternoon","Evening"))) -> Morning | T31: =TEXT(Clean_Data[[#This Row],[OrderDate]],"[$-409]ddd") -> Tue | U31: =WEEKDAY(Clean_Data[[#This Row],[OrderDate]],2) -> 2 | V31: =INT(Clean_Data[[#This Row],[OrderHour]]/6)+1 -> 2 | W31: =IF(Clean_Data[[#This Row],[Status]]="Delivered",1,0) -> 1 | X31: =IF(Clean_Data[[#This Row],[Status]]="Delivered",IF(Clean_Data[[#This Row],[DeliveryMinutes]]<=Dashboard!$X$5,1,0),0) -> 1 | Y31: =IF(AND(Clean_Data[[#This Row],[OrderDate]]>=Dashboard!$B$5,Clean_Data[[#This Row],[OrderDate]]<=Dashboard!$F$5,OR(Dashboard!$J$5="All",Clean_Data[[#This Row],[Zone]]=Dashboard!$J$5),OR(Dashboard!$P$5="All",Clean_Data[[#This Row],[Category]]=Dashboard!$P$5)),1,0) -> 1 | Z31: =IF(AND(Clean_Data[[#This Row],[Include]]=1,Clean_Data[[#This Row],[DeliveredFlag]]=1),1,0) -> 1 | AA31: =IF(COUNTIF($D$2:D31,D31)=1,ROW()-1,ROWS(Clean_Data[OrderID])+1) -> 30 | AB31: =IF(COUNTIF($F$2:F31,F31)=1,ROW()-1,ROWS(Clean_Data[OrderID])+1) -> 901 | AC31: =IF(COUNTIF($G$2:G31,G31)=1,ROW()-1,ROWS(Clean_Data[OrderID])+1) -> 30 | AD31: =IF(COUNTIF($H$2:H31,H31)=1,ROW()-1,ROWS(Clean_Data[OrderID])+1) -> 30 | AE31: =IF(COUNTIF($V$2:V31,V31)=1,V31,ROWS(Clean_Data[OrderID])+1) -> 901 | AF31: =IF(COUNTIF($U$2:U31,U31)=1,U31,ROWS(Clean_Data[OrderID])+1) -> 901 | AG31: =IF(COUNTIF($E$2:E31,E31)=1,ROW()-1,ROWS(Clean_Data[OrderID])+1) -> 901
A32: G0031 | B32: 46267 | C32: 21 | D32: C026 | E32: New | F32: South | G32: Beverages | H32: Tea | I32: 1 | J32: 145 | K32: 0.1 | L32: Delivered | M32: 13 | N32: 14 | O32: 5 | P32: =Clean_Data[[#This Row],[Quantity]]*Clean_Data[[#This Row],[UnitPrice]] -> 145 | Q32: =ROUND(Clean_Data[[#This Row],[GrossSales]]*Clean_Data[[#This Row],[DiscountPct]],2) -> 14.5 | R32: =IF(Clean_Data[[#This Row],[Status]]="Delivered",ROUND(Clean_Data[[#This Row],[GrossSales]]-Clean_Data[[#This Row],[DiscountAmount]],2),0) -> 130.5 | S32: =IF(Clean_Data[[#This Row],[OrderHour]]<6,"Night",IF(Clean_Data[[#This Row],[OrderHour]]<12,"Morning",IF(Clean_Data[[#This Row],[OrderHour]]<18,"Afternoon","Evening"))) -> Evening | T32: =TEXT(Clean_Data[[#This Row],[OrderDate]],"[$-409]ddd") -> Wed | U32: =WEEKDAY(Clean_Data[[#This Row],[OrderDate]],2) -> 3 | V32: =INT(Clean_Data[[#This Row],[OrderHour]]/6)+1 -> 4 | W32: =IF(Clean_Data[[#This Row],[Status]]="Delivered",1,0) -> 1 | X32: =IF(Clean_Data[[#This Row],[Status]]="Delivered",IF(Clean_Data[[#This Row],[DeliveryMinutes]]<=Dashboard!$X$5,1,0),0) -> 1 | Y32: =IF(AND(Clean_Data[[#This Row],[OrderDate]]>=Dashboard!$B$5,Clean_Data[[#This Row],[OrderDate]]<=Dashboard!$F$5,OR(Dashboard!$J$5="All",Clean_Data[[#This Row],[Zone]]=Dashboard!$J$5),OR(Dashboard!$P$5="All",Clean_Data[[#This Row],[Category]]=Dashboard!$P$5)),1,0) -> 1 | Z32: =IF(AND(Clean_Data[[#This Row],[Include]]=1,Clean_Data[[#This Row],[DeliveredFlag]]=1),1,0) -> 1 | AA32: =IF(COUNTIF($D$2:D32,D32)=1,ROW()-1,ROWS(Clean_Data[OrderID])+1) -> 31 | AB32: =IF(COUNTIF($F$2:F32,F32)=1,ROW()-1,ROWS(Clean_Data[OrderID])+1) -> 901 | AC32: =IF(COUNTIF($G$2:G32,G32)=1,ROW()-1,ROWS(Clean_Data[OrderID])+1) -> 901 | AD32: =IF(COUNTIF($H$2:H32,H32)=1,ROW()-1,ROWS(Clean_Data[OrderID])+1) -> 901 | AE32: =IF(COUNTIF($V$2:V32,V32)=1,V32,ROWS(Clean_Data[OrderID])+1) -> 901 | AF32: =IF(COUNTIF($U$2:U32,U32)=1,U32,ROWS(Clean_Data[OrderID])+1) -> 3 | AG32: =IF(COUNTIF($E$2:E32,E32)=1,ROW()-1,ROWS(Clean_Data[OrderID])+1) -> 901
A33: G0032 | B33: 46267 | C33: 18 | D33: C200 | E33: Returning | F33: West | G33: Beverages | H33: Juice | I33: 5 | J33: 115 | K33: 0 | L33: Delivered | M33: 13 | N33: 14 | O33: 4 | P33: =Clean_Data[[#This Row],[Quantity]]*Clean_Data[[#This Row],[UnitPrice]] -> 575 | Q33: =ROUND(Clean_Data[[#This Row],[GrossSales]]*Clean_Data[[#This Row],[DiscountPct]],2) -> 0 | R33: =IF(Clean_Data[[#This Row],[Status]]="Delivered",ROUND(Clean_Data[[#This Row],[GrossSales]]-Clean_Data[[#This Row],[DiscountAmount]],2),0) -> 575 | S33: =IF(Clean_Data[[#This Row],[OrderHour]]<6,"Night",IF(Clean_Data[[#This Row],[OrderHour]]<12,"Morning",IF(Clean_Data[[#This Row],[OrderHour]]<18,"Afternoon","Evening"))) -> Evening | T33: =TEXT(Clean_Data[[#This Row],[OrderDate]],"[$-409]ddd") -> Wed | U33: =WEEKDAY(Clean_Data[[#This Row],[OrderDate]],2) -> 3 | V33: =INT(Clean_Data[[#This Row],[OrderHour]]/6)+1 -> 4 | W33: =IF(Clean_Data[[#This Row],[Status]]="Delivered",1,0) -> 1 | X33: =IF(Clean_Data[[#This Row],[Status]]="Delivered",IF(Clean_Data[[#This Row],[DeliveryMinutes]]<=Dashboard!$X$5,1,0),0) -> 1 | Y33: =IF(AND(Clean_Data[[#This Row],[OrderDate]]>=Dashboard!$B$5,Clean_Data[[#This Row],[OrderDate]]<=Dashboard!$F$5,OR(Dashboard!$J$5="All",Clean_Data[[#This Row],[Zone]]=Dashboard!$J$5),OR(Dashboard!$P$5="All",Clean_Data[[#This Row],[Category]]=Dashboard!$P$5)),1,0) -> 1 | Z33: =IF(AND(Clean_Data[[#This Row],[Include]]=1,Clean_Data[[#This Row],[DeliveredFlag]]=1),1,0) -> 1 | AA33: =IF(COUNTIF($D$2:D33,D33)=1,ROW()-1,ROWS(Clean_Data[OrderID])+1) -> 32 | AB33: =IF(COUNTIF($F$2:F33,F33)=1,ROW()-1,ROWS(Clean_Data[OrderID])+1) -> 901 | AC33: =IF(COUNTIF($G$2:G33,G33)=1,ROW()-1,ROWS(Clean_Data[OrderID])+1) -> 901 | AD33: =IF(COUNTIF($H$2:H33,H33)=1,ROW()-1,ROWS(Clean_Data[OrderID])+1) -> 901 | AE33: =IF(COUNTIF($V$2:V33,V33)=1,V33,ROWS(Clean_Data[OrderID])+1) -> 901 | AF33: =IF(COUNTIF($U$2:U33,U33)=1,U33,ROWS(Clean_Data[OrderID])+1) -> 901 | AG33: =IF(COUNTIF($E$2:E33,E33)=1,ROW()-1,ROWS(Clean_Data[OrderID])+1) -> 901
A34: G0033 | B34: 46267 | C34: 18 | D34: C003 | E34: New | F34: Central | G34: Beverages | H34: Tea | I34: 6 | J34: 145 | K34: 0.15 | L34: Delivered | M34: 24 | N34: 8 | O34: 3 | P34: =Clean_Data[[#This Row],[Quantity]]*Clean_Data[[#This Row],[UnitPrice]] -> 870 | Q34: =ROUND(Clean_Data[[#This Row],[GrossSales]]*Clean_Data[[#This Row],[DiscountPct]],2) -> 130.5 | R34: =IF(Clean_Data[[#This Row],[Status]]="Delivered",ROUND(Clean_Data[[#This Row],[GrossSales]]-Clean_Data[[#This Row],[DiscountAmount]],2),0) -> 739.5 | S34: =IF(Clean_Data[[#This Row],[OrderHour]]<6,"Night",IF(Clean_Data[[#This Row],[OrderHour]]<12,"Morning",IF(Clean_Data[[#This Row],[OrderHour]]<18,"Afternoon","Evening"))) -> Evening | T34: =TEXT(Clean_Data[[#This Row],[OrderDate]],"[$-409]ddd") -> Wed | U34: =WEEKDAY(Clean_Data[[#This Row],[OrderDate]],2) -> 3 | V34: =INT(Clean_Data[[#This Row],[OrderHour]]/6)+1 -> 4 | W34: =IF(Clean_Data[[#This Row],[Status]]="Delivered",1,0) -> 1 | X34: =IF(Clean_Data[[#This Row],[Status]]="Delivered",IF(Clean_Data[[#This Row],[DeliveryMinutes]]<=Dashboard!$X$5,1,0),0) -> 1 | Y34: =IF(AND(Clean_Data[[#This Row],[OrderDate]]>=Dashboard!$B$5,Clean_Data[[#This Row],[OrderDate]]<=Dashboard!$F$5,OR(Dashboard!$J$5="All",Clean_Data[[#This Row],[Zone]]=Dashboard!$J$5),OR(Dashboard!$P$5="All",Clean_Data[[#This Row],[Category]]=Dashboard!$P$5)),1,0) -> 1 | Z34: =IF(AND(Clean_Data[[#This Row],[Include]]=1,Clean_Data[[#This Row],[DeliveredFlag]]=1),1,0) -> 1 | AA34: =IF(COUNTIF($D$2:D34,D34)=1,ROW()-1,ROWS(Clean_Data[OrderID])+1) -> 33 | AB34: =IF(COUNTIF($F$2:F34,F34)=1,ROW()-1,ROWS(Clean_Data[OrderID])+1) -> 901 | AC34: =IF(COUNTIF($G$2:G34,G34)=1,ROW()-1,ROWS(Clean_Data[OrderID])+1) -> 901 | AD34: =IF(COUNTIF($H$2:H34,H34)=1,ROW()-1,ROWS(Clean_Data[OrderID])+1) -> 901 | AE34: =IF(COUNTIF($V$2:V34,V34)=1,V34,ROWS(Clean_Data[OrderID])+1) -> 901 | AF34: =IF(COUNTIF($U$2:U34,U34)=1,U34,ROWS(Clean_Data[OrderID])+1) -> 901 | AG34: =IF(COUNTIF($E$2:E34,E34)=1,ROW()-1,ROWS(Clean_Data[OrderID])+1) -> 901
A35: G0034 | B35: 46267 | C35: 7 | D35: C230 | E35: Returning | F35: Central | G35: Dairy | H35: Milk | I35: 1 | J35: 62 | K35: 0.05 | L35: Delivered | M35: 23 | N35: 14 | O35: 5 | P35: =Clean_Data[[#This Row],[Quantity]]*Clean_Data[[#This Row],[UnitPrice]] -> 62 | Q35: =ROUND(Clean_Data[[#This Row],[GrossSales]]*Clean_Data[[#This Row],[DiscountPct]],2) -> 3.1 | R35: =IF(Clean_Data[[#This Row],[Status]]="Delivered",ROUND(Clean_Data[[#This Row],[GrossSales]]-Clean_Data[[#This Row],[DiscountAmount]],2),0) -> 58.9 | S35: =IF(Clean_Data[[#This Row],[OrderHour]]<6,"Night",IF(Clean_Data[[#This Row],[OrderHour]]<12,"Morning",IF(Clean_Data[[#This Row],[OrderHour]]<18,"Afternoon","Evening"))) -> Morning | T35: =TEXT(Clean_Data[[#This Row],[OrderDate]],"[$-409]ddd") -> Wed | U35: =WEEKDAY(Clean_Data[[#This Row],[OrderDate]],2) -> 3 | V35: =INT(Clean_Data[[#This Row],[OrderHour]]/6)+1 -> 2 | W35: =IF(Clean_Data[[#This Row],[Status]]="Delivered",1,0) -> 1 | X35: =IF(Clean_Data[[#This Row],[Status]]="Delivered",IF(Clean_Data[[#This Row],[DeliveryMinutes]]<=Dashboard!$X$5,1,0),0) -> 1 | Y35: =IF(AND(Clean_Data[[#This Row],[OrderDate]]>=Dashboard!$B$5,Clean_Data[[#This Row],[OrderDate]]<=Dashboard!$F$5,OR(Dashboard!$J$5="All",Clean_Data[[#This Row],[Zone]]=Dashboard!$J$5),OR(Dashboard!$P$5="All",Clean_Data[[#This Row],[Category]]=Dashboard!$P$5)),1,0) -> 1 | Z35: =IF(AND(Clean_Data[[#This Row],[Include]]=1,Clean_Data[[#This Row],[DeliveredFlag]]=1),1,0) -> 1 | AA35: =IF(COUNTIF($D$2:D35,D35)=1,ROW()-1,ROWS(Clean_Data[OrderID])+1) -> 34 | AB35: =IF(COUNTIF($F$2:F35,F35)=1,ROW()-1,ROWS(Clean_Data[OrderID])+1) -> 901 | AC35: =IF(COUNTIF($G$2:G35,G35)=1,ROW()-1,ROWS(Clean_Data[OrderID])+1) -> 901 | AD35: =IF(COUNTIF($H$2:H35,H35)=1,ROW()-1,ROWS(Clean_Data[OrderID])+1) -> 34 | AE35: =IF(COUNTIF($V$2:V35,V35)=1,V35,ROWS(Clean_Data[OrderID])+1) -> 901 | AF35: =IF(COUNTIF($U$2:U35,U35)=1,U35,ROWS(Clean_Data[OrderID])+1) -> 901 | AG35: =IF(COUNTIF($E$2:E35,E35)=1,ROW()-1,ROWS(Clean_Data[OrderID])+1) -> 901
A36: G0035 | B36: 46267 | C36: 19 | D36: C084 | E36: New | F36: West | G36: Bakery | H36: Bread | I36: 3 | J36: 45 | K36: 0.1 | L36: Delivered | M36: 31 | N36: 10 | O36: 4 | P36: =Clean_Data[[#This Row],[Quantity]]*Clean_Data[[#This Row],[UnitPrice]] -> 135 | Q36: =ROUND(Clean_Data[[#This Row],[GrossSales]]*Clean_Data[[#This Row],[DiscountPct]],2) -> 13.5 | R36: =IF(Clean_Data[[#This Row],[Status]]="Delivered",ROUND(Clean_Data[[#This Row],[GrossSales]]-Clean_Data[[#This Row],[DiscountAmount]],2),0) -> 121.5 | S36: =IF(Clean_Data[[#This Row],[OrderHour]]<6,"Night",IF(Clean_Data[[#This Row],[OrderHour]]<12,"Morning",IF(Clean_Data[[#This Row],[OrderHour]]<18,"Afternoon","Evening"))) -> Evening | T36: =TEXT(Clean_Data[[#This Row],[OrderDate]],"[$-409]ddd") -> Wed | U36: =WEEKDAY(Clean_Data[[#This Row],[OrderDate]],2) -> 3 | V36: =INT(Clean_Data[[#This Row],[OrderHour]]/6)+1 -> 4 | W36: =IF(Clean_Data[[#This Row],[Status]]="Delivered",1,0) -> 1 | X36: =IF(Clean_Data[[#This Row],[Status]]="Delivered",IF(Clean_Data[[#This Row],[DeliveryMinutes]]<=Dashboard!$X$5,1,0),0) -> 0 | Y36: =IF(AND(Clean_Data[[#This Row],[OrderDate]]>=Dashboard!$B$5,Clean_Data[[#This Row],[OrderDate]]<=Dashboard!$F$5,OR(Dashboard!$J$5="All",Clean_Data[[#This Row],[Zone]]=Dashboard!$J$5),OR(Dashboard!$P$5="All",Clean_Data[[#This Row],[Category]]=Dashboard!$P$5)),1,0) -> 1 | Z36: =IF(AND(Clean_Data[[#This Row],[Include]]=1,Clean_Data[[#This Row],[DeliveredFlag]]=1),1,0) -> 1 | AA36: =IF(COUNTIF($D$2:D36,D36)=1,ROW()-1,ROWS(Clean_Data[OrderID])+1) -> 35 | AB36: =IF(COUNTIF($F$2:F36,F36)=1,ROW()-1,ROWS(Clean_Data[OrderID])+1) -> 901 | AC36: =IF(COUNTIF($G$2:G36,G36)=1,ROW()-1,ROWS(Clean_Data[OrderID])+1) -> 901 | AD36: =IF(COUNTIF($H$2:H36,H36)=1,ROW()-1,ROWS(Clean_Data[OrderID])+1) -> 901 | AE36: =IF(COUNTIF($V$2:V36,V36)=1,V36,ROWS(Clean_Data[OrderID])+1) -> 901 | AF36: =IF(COUNTIF($U$2:U36,U36)=1,U36,ROWS(Clean_Data[OrderID])+1) -> 901 | AG36: =IF(COUNTIF($E$2:E36,E36)=1,ROW()-1,ROWS(Clean_Data[OrderID])+1) -> 901
... A57: G0056 | B57: 46267 | C57: 10 | D57: C199 | E57: Returning | F57: East | G57: Snacks | H57: Chips | I57: 3 | J57: 40 | K57: 0 | L57: Delivered | M57: 29 | N57: 6 | O57: 5 | P57: =Clean_Data[[#This Row],[Quantity]]*Clean_Data[[#This Row],[UnitPrice]] -> 120 | Q57: =ROUND(Clean_Data[[#This Row],[GrossSales]]*Clean_Data[[#This Row],[DiscountPct]],2) -> 0 | R57: =IF(Clean_Data[[#This Row],[Status]]="Delivered",ROUND(Clean_Data[[#This Row],[GrossSales]]-Clean_Data[[#This Row],[DiscountAmount]],2),0) -> 120 | S57: =IF(Clean_Data[[#This Row],[OrderHour]]<6,"Night",IF(Clean_Data[[#This Row],[OrderHour]]<12,"Morning",IF(Clean_Data[[#This Row],[OrderHour]]<18,"Afternoon","Evening"))) -> Morning | T57: =TEXT(Clean_Data[[#This Row],[OrderDate]],"[$-409]ddd") -> Wed | U57: =WEEKDAY(Clean_Data[[#This Row],[OrderDate]],2) -> 3 | V57: =INT(Clean_Data[[#This Row],[OrderHour]]/6)+1 -> 2 | W57: =IF(Clean_Data[[#This Row],[Status]]="Delivered",1,0) -> 1 | X57: =IF(Clean_Data[[#This Row],[Status]]="Delivered",IF(Clean_Data[[#This Row],[DeliveryMinutes]]<=Dashboard!$X$5,1,0),0) -> 1 | Y57: =IF(AND(Clean_Data[[#This Row],[OrderDate]]>=Dashboard!$B$5,Clean_Data[[#This Row],[OrderDate]]<=Dashboard!$F$5,OR(Dashboard!$J$5="All",Clean_Data[[#This Row],[Zone]]=Dashboard!$J$5),OR(Dashboard!$P$5="All",Clean_Data[[#This Row],[Category]]=Dashboard!$P$5)),1,0) -> 1 | Z57: =IF(AND(Clean_Data[[#This Row],[Include]]=1,Clean_Data[[#This Row],[DeliveredFlag]]=1),1,0) -> 1 | AA57: =IF(COUNTIF($D$2:D57,D57)=1,ROW()-1,ROWS(Clean_Data[OrderID])+1) -> 56 | AB57: =IF(COUNTIF($F$2:F57,F57)=1,ROW()-1,ROWS(Clean_Data[OrderID])+1) -> 901 | AC57: =IF(COUNTIF($G$2:G57,G57)=1,ROW()-1,ROWS(Clean_Data[OrderID])+1) -> 901 | AD57: =IF(COUNTIF($H$2:H57,H57)=1,ROW()-1,ROWS(Clean_Data[OrderID])+1) -> 901 | AE57: =IF(COUNTIF($V$2:V57,V57)=1,V57,ROWS(Clean_Data[OrderID])+1) -> 901 | AF57: =IF(COUNTIF($U$2:U57,U57)=1,U57,ROWS(Clean_Data[OrderID])+1) -> 901 | AG57: =IF(COUNTIF($E$2:E57,E57)=1,ROW()-1,ROWS(Clean_Data[OrderID])+1) -> 901
A58: G0057 | B58: 46267 | C58: 17 | D58: C211 | E58: Returning | F58: South | G58: Beverages | H58: Tea | I58: 3 | J58: 145 | K58: 0 | L58: Cancelled | P58: =Clean_Data[[#This Row],[Quantity]]*Clean_Data[[#This Row],[UnitPrice]] -> 435 | Q58: =ROUND(Clean_Data[[#This Row],[GrossSales]]*Clean_Data[[#This Row],[DiscountPct]],2) -> 0 | R58: =IF(Clean_Data[[#This Row],[Status]]="Delivered",ROUND(Clean_Data[[#This Row],[GrossSales]]-Clean_Data[[#This Row],[DiscountAmount]],2),0) -> 0 | S58: =IF(Clean_Data[[#This Row],[OrderHour]]<6,"Night",IF(Clean_Data[[#This Row],[OrderHour]]<12,"Morning",IF(Clean_Data[[#This Row],[OrderHour]]<18,"Afternoon","Evening"))) -> Afternoon | T58: =TEXT(Clean_Data[[#This Row],[OrderDate]],"[$-409]ddd") -> Wed | U58: =WEEKDAY(Clean_Data[[#This Row],[OrderDate]],2) -> 3 | V58: =INT(Clean_Data[[#This Row],[OrderHour]]/6)+1 -> 3 | W58: =IF(Clean_Data[[#This Row],[Status]]="Delivered",1,0) -> 0 | X58: =IF(Clean_Data[[#This Row],[Status]]="Delivered",IF(Clean_Data[[#This Row],[DeliveryMinutes]]<=Dashboard!$X$5,1,0),0) -> 0 | Y58: =IF(AND(Clean_Data[[#This Row],[OrderDate]]>=Dashboard!$B$5,Clean_Data[[#This Row],[OrderDate]]<=Dashboard!$F$5,OR(Dashboard!$J$5="All",Clean_Data[[#This Row],[Zone]]=Dashboard!$J$5),OR(Dashboard!$P$5="All",Clean_Data[[#This Row],[Category]]=Dashboard!$P$5)),1,0) -> 1 | Z58: =IF(AND(Clean_Data[[#This Row],[Include]]=1,Clean_Data[[#This Row],[DeliveredFlag]]=1),1,0) -> 0 | AA58: =IF(COUNTIF($D$2:D58,D58)=1,ROW()-1,ROWS(Clean_Data[OrderID])+1) -> 57 | AB58: =IF(COUNTIF($F$2:F58,F58)=1,ROW()-1,ROWS(Clean_Data[OrderID])+1) -> 901 | AC58: =IF(COUNTIF($G$2:G58,G58)=1,ROW()-1,ROWS(Clean_Data[OrderID])+1) -> 901 | AD58: =IF(COUNTIF($H$2:H58,H58)=1,ROW()-1,ROWS(Clean_Data[OrderID])+1) -> 901 | AE58: =IF(COUNTIF($V$2:V58,V58)=1,V58,ROWS(Clean_Data[OrderID])+1) -> 901 | AF58: =IF(COUNTIF($U$2:U58,U58)=1,U58,ROWS(Clean_Data[OrderID])+1) -> 901 | AG58: =IF(COUNTIF($E$2:E58,E58)=1,ROW()-1,ROWS(Clean_Data[OrderID])+1) -> 901
A59: G0058 | B59: 46267 | C59: 15 | D59: C172 | E59: Returning | F59: South | G59: Household | H59: Dish soap | I59: 4 | J59: 120 | K59: 0.15 | L59: Delivered | M59: 16 | N59: 11 | O59: 5 | P59: =Clean_Data[[#This Row],[Quantity]]*Clean_Data[[#This Row],[UnitPrice]] -> 480 | Q59: =ROUND(Clean_Data[[#This Row],[GrossSales]]*Clean_Data[[#This Row],[DiscountPct]],2) -> 72 | R59: =IF(Clean_Data[[#This Row],[Status]]="Delivered",ROUND(Clean_Data[[#This Row],[GrossSales]]-Clean_Data[[#This Row],[DiscountAmount]],2),0) -> 408 | S59: =IF(Clean_Data[[#This Row],[OrderHour]]<6,"Night",IF(Clean_Data[[#This Row],[OrderHour]]<12,"Morning",IF(Clean_Data[[#This Row],[OrderHour]]<18,"Afternoon","Evening"))) -> Afternoon | T59: =TEXT(Clean_Data[[#This Row],[OrderDate]],"[$-409]ddd") -> Wed | U59: =WEEKDAY(Clean_Data[[#This Row],[OrderDate]],2) -> 3 | V59: =INT(Clean_Data[[#This Row],[OrderHour]]/6)+1 -> 3 | W59: =IF(Clean_Data[[#This Row],[Status]]="Delivered",1,0) -> 1 | X59: =IF(Clean_Data[[#This Row],[Status]]="Delivered",IF(Clean_Data[[#This Row],[DeliveryMinutes]]<=Dashboard!$X$5,1,0),0) -> 1 | Y59: =IF(AND(Clean_Data[[#This Row],[OrderDate]]>=Dashboard!$B$5,Clean_Data[[#This Row],[OrderDate]]<=Dashboard!$F$5,OR(Dashboard!$J$5="All",Clean_Data[[#This Row],[Zone]]=Dashboard!$J$5),OR(Dashboard!$P$5="All",Clean_Data[[#This Row],[Category]]=Dashboard!$P$5)),1,0) -> 1 | Z59: =IF(AND(Clean_Data[[#This Row],[Include]]=1,Clean_Data[[#This Row],[DeliveredFlag]]=1),1,0) -> 1 | AA59: =IF(COUNTIF($D$2:D59,D59)=1,ROW()-1,ROWS(Clean_Data[OrderID])+1) -> 58 | AB59: =IF(COUNTIF($F$2:F59,F59)=1,ROW()-1,ROWS(Clean_Data[OrderID])+1) -> 901 | AC59: =IF(COUNTIF($G$2:G59,G59)=1,ROW()-1,ROWS(Clean_Data[OrderID])+1) -> 901 | AD59: =IF(COUNTIF($H$2:H59,H59)=1,ROW()-1,ROWS(Clean_Data[OrderID])+1) -> 901 | AE59: =IF(COUNTIF($V$2:V59,V59)=1,V59,ROWS(Clean_Data[OrderID])+1) -> 901 | AF59: =IF(COUNTIF($U$2:U59,U59)=1,U59,ROWS(Clean_Data[OrderID])+1) -> 901 | AG59: =IF(COUNTIF($E$2:E59,E59)=1,ROW()-1,ROWS(Clean_Data[OrderID])+1) -> 901
A60: G0059 | B60: 46267 | C60: 11 | D60: C234 | E60: Returning | F60: Central | G60: Bakery | H60: Bread | I60: 1 | J60: 45 | K60: 0 | L60: Delivered | M60: 18 | N60: 8 | O60: 4 | P60: =Clean_Data[[#This Row],[Quantity]]*Clean_Data[[#This Row],[UnitPrice]] -> 45 | Q60: =ROUND(Clean_Data[[#This Row],[GrossSales]]*Clean_Data[[#This Row],[DiscountPct]],2) -> 0 | R60: =IF(Clean_Data[[#This Row],[Status]]="Delivered",ROUND(Clean_Data[[#This Row],[GrossSales]]-Clean_Data[[#This Row],[DiscountAmount]],2),0) -> 45 | S60: =IF(Clean_Data[[#This Row],[OrderHour]]<6,"Night",IF(Clean_Data[[#This Row],[OrderHour]]<12,"Morning",IF(Clean_Data[[#This Row],[OrderHour]]<18,"Afternoon","Evening"))) -> Morning | T60: =TEXT(Clean_Data[[#This Row],[OrderDate]],"[$-409]ddd") -> Wed | U60: =WEEKDAY(Clean_Data[[#This Row],[OrderDate]],2) -> 3 | V60: =INT(Clean_Data[[#This Row],[OrderHour]]/6)+1 -> 2 | W60: =IF(Clean_Data[[#This Row],[Status]]="Delivered",1,0) -> 1 | X60: =IF(Clean_Data[[#This Row],[Status]]="Delivered",IF(Clean_Data[[#This Row],[DeliveryMinutes]]<=Dashboard!$X$5,1,0),0) -> 1 | Y60: =IF(AND(Clean_Data[[#This Row],[OrderDate]]>=Dashboard!$B$5,Clean_Data[[#This Row],[OrderDate]]<=Dashboard!$F$5,OR(Dashboard!$J$5="All",Clean_Data[[#This Row],[Zone]]=Dashboard!$J$5),OR(Dashboard!$P$5="All",Clean_Data[[#This Row],[Category]]=Dashboard!$P$5)),1,0) -> 1 | Z60: =IF(AND(Clean_Data[[#This Row],[Include]]=1,Clean_Data[[#This Row],[DeliveredFlag]]=1),1,0) -> 1 | AA60: =IF(COUNTIF($D$2:D60,D60)=1,ROW()-1,ROWS(Clean_Data[OrderID])+1) -> 59 | AB60: =IF(COUNTIF($F$2:F60,F60)=1,ROW()-1,ROWS(Clean_Data[OrderID])+1) -> 901 | AC60: =IF(COUNTIF($G$2:G60,G60)=1,ROW()-1,ROWS(Clean_Data[OrderID])+1) -> 901 | AD60: =IF(COUNTIF($H$2:H60,H60)=1,ROW()-1,ROWS(Clean_Data[OrderID])+1) -> 901 | AE60: =IF(COUNTIF($V$2:V60,V60)=1,V60,ROWS(Clean_Data[OrderID])+1) -> 901 | AF60: =IF(COUNTIF($U$2:U60,U60)=1,U60,ROWS(Clean_Data[OrderID])+1) -> 901 | AG60: =IF(COUNTIF($E$2:E60,E60)=1,ROW()-1,ROWS(Clean_Data[OrderID])+1) -> 901
A61: G0060 | B61: 46267 | C61: 10 | D61: C121 | E61: Returning | F61: West | G61: Snacks | H61: Nuts | I61: 6 | J61: 180 | K61: 0.1 | L61: Cancelled | P61: =Clean_Data[[#This Row],[Quantity]]*Clean_Data[[#This Row],[UnitPrice]] -> 1080 | Q61: =ROUND(Clean_Data[[#This Row],[GrossSales]]*Clean_Data[[#This Row],[DiscountPct]],2) -> 108 | R61: =IF(Clean_Data[[#This Row],[Status]]="Delivered",ROUND(Clean_Data[[#This Row],[GrossSales]]-Clean_Data[[#This Row],[DiscountAmount]],2),0) -> 0 | S61: =IF(Clean_Data[[#This Row],[OrderHour]]<6,"Night",IF(Clean_Data[[#This Row],[OrderHour]]<12,"Morning",IF(Clean_Data[[#This Row],[OrderHour]]<18,"Afternoon","Evening"))) -> Morning | T61: =TEXT(Clean_Data[[#This Row],[OrderDate]],"[$-409]ddd") -> Wed | U61: =WEEKDAY(Clean_Data[[#This Row],[OrderDate]],2) -> 3 | V61: =INT(Clean_Data[[#This Row],[OrderHour]]/6)+1 -> 2 | W61: =IF(Clean_Data[[#This Row],[Status]]="Delivered",1,0) -> 0 | X61: =IF(Clean_Data[[#This Row],[Status]]="Delivered",IF(Clean_Data[[#This Row],[DeliveryMinutes]]<=Dashboard!$X$5,1,0),0) -> 0 | Y61: =IF(AND(Clean_Data[[#This Row],[OrderDate]]>=Dashboard!$B$5,Clean_Data[[#This Row],[OrderDate]]<=Dashboard!$F$5,OR(Dashboard!$J$5="All",Clean_Data[[#This Row],[Zone]]=Dashboard!$J$5),OR(Dashboard!$P$5="All",Clean_Data[[#This Row],[Category]]=Dashboard!$P$5)),1,0) -> 1 | Z61: =IF(AND(Clean_Data[[#This Row],[Include]]=1,Clean_Data[[#This Row],[DeliveredFlag]]=1),1,0) -> 0 | AA61: =IF(COUNTIF($D$2:D61,D61)=1,ROW()-1,ROWS(Clean_Data[OrderID])+1) -> 60 | AB61: =IF(COUNTIF($F$2:F61,F61)=1,ROW()-1,ROWS(Clean_Data[OrderID])+1) -> 901 | AC61: =IF(COUNTIF($G$2:G61,G61)=1,ROW()-1,ROWS(Clean_Data[OrderID])+1) -> 901 | AD61: =IF(COUNTIF($H$2:H61,H61)=1,ROW()-1,ROWS(Clean_Data[OrderID])+1) -> 901 | AE61: =IF(COUNTIF($V$2:V61,V61)=1,V61,ROWS(Clean_Data[OrderID])+1) -> 901 | AF61: =IF(COUNTIF($U$2:U61,U61)=1,U61,ROWS(Clean_Data[OrderID])+1) -> 901 | AG61: =IF(COUNTIF($E$2:E61,E61)=1,ROW()-1,ROWS(Clean_Data[OrderID])+1) -> 901
A62: G0061 | B62: 46268 | C62: 19 | D62: C170 | E62: Returning | F62: South | G62: Beverages | H62: Coffee | I62: 1 | J62: 220 | K62: 0 | L62: Delivered | M62: 18 | N62: 13 | O62: 5 | P62: =Clean_Data[[#This Row],[Quantity]]*Clean_Data[[#This Row],[UnitPrice]] -> 220 | Q62: =ROUND(Clean_Data[[#This Row],[GrossSales]]*Clean_Data[[#This Row],[DiscountPct]],2) -> 0 | R62: =IF(Clean_Data[[#This Row],[Status]]="Delivered",ROUND(Clean_Data[[#This Row],[GrossSales]]-Clean_Data[[#This Row],[DiscountAmount]],2),0) -> 220 | S62: =IF(Clean_Data[[#This Row],[OrderHour]]<6,"Night",IF(Clean_Data[[#This Row],[OrderHour]]<12,"Morning",IF(Clean_Data[[#This Row],[OrderHour]]<18,"Afternoon","Evening"))) -> Evening | T62: =TEXT(Clean_Data[[#This Row],[OrderDate]],"[$-409]ddd") -> Thu | U62: =WEEKDAY(Clean_Data[[#This Row],[OrderDate]],2) -> 4 | V62: =INT(Clean_Data[[#This Row],[OrderHour]]/6)+1 -> 4 | W62: =IF(Clean_Data[[#This Row],[Status]]="Delivered",1,0) -> 1 | X62: =IF(Clean_Data[[#This Row],[Status]]="Delivered",IF(Clean_Data[[#This Row],[DeliveryMinutes]]<=Dashboard!$X$5,1,0),0) -> 1 | Y62: =IF(AND(Clean_Data[[#This Row],[OrderDate]]>=Dashboard!$B$5,Clean_Data[[#This Row],[OrderDate]]<=Dashboard!$F$5,OR(Dashboard!$J$5="All",Clean_Data[[#This Row],[Zone]]=Dashboard!$J$5),OR(Dashboard!$P$5="All",Clean_Data[[#This Row],[Category]]=Dashboard!$P$5)),1,0) -> 1 | Z62: =IF(AND(Clean_Data[[#This Row],[Include]]=1,Clean_Data[[#This Row],[DeliveredFlag]]=1),1,0) -> 1 | AA62: =IF(COUNTIF($D$2:D62,D62)=1,ROW()-1,ROWS(Clean_Data[OrderID])+1) -> 61 | AB62: =IF(COUNTIF($F$2:F62,F62)=1,ROW()-1,ROWS(Clean_Data[OrderID])+1) -> 901 | AC62: =IF(COUNTIF($G$2:G62,G62)=1,ROW()-1,ROWS(Clean_Data[OrderID])+1) -> 901 | AD62: =IF(COUNTIF($H$2:H62,H62)=1,ROW()-1,ROWS(Clean_Data[OrderID])+1) -> 901 | AE62: =IF(COUNTIF($V$2:V62,V62)=1,V62,ROWS(Clean_Data[OrderID])+1) -> 901 | AF62: =IF(COUNTIF($U$2:U62,U62)=1,U62,ROWS(Clean_Data[OrderID])+1) -> 4 | AG62: =IF(COUNTIF($E$2:E62,E62)=1,ROW()-1,ROWS(Clean_Data[OrderID])+1) -> 901
A63: G0062 | B63: 46268 | C63: 21 | D63: C096 | E63: Returning | F63: North | G63: Snacks | H63: Nuts | I63: 1 | J63: 180 | K63: 0.15 | L63: Delivered | M63: 13 | N63: 14 | O63: 4 | P63: =Clean_Data[[#This Row],[Quantity]]*Clean_Data[[#This Row],[UnitPrice]] -> 180 | Q63: =ROUND(Clean_Data[[#This Row],[GrossSales]]*Clean_Data[[#This Row],[DiscountPct]],2) -> 27 | R63: =IF(Clean_Data[[#This Row],[Status]]="Delivered",ROUND(Clean_Data[[#This Row],[GrossSales]]-Clean_Data[[#This Row],[DiscountAmount]],2),0) -> 153 | S63: =IF(Clean_Data[[#This Row],[OrderHour]]<6,"Night",IF(Clean_Data[[#This Row],[OrderHour]]<12,"Morning",IF(Clean_Data[[#This Row],[OrderHour]]<18,"Afternoon","Evening"))) -> Evening | T63: =TEXT(Clean_Data[[#This Row],[OrderDate]],"[$-409]ddd") -> Thu | U63: =WEEKDAY(Clean_Data[[#This Row],[OrderDate]],2) -> 4 | V63: =INT(Clean_Data[[#This Row],[OrderHour]]/6)+1 -> 4 | W63: =IF(Clean_Data[[#This Row],[Status]]="Delivered",1,0) -> 1 | X63: =IF(Clean_Data[[#This Row],[Status]]="Delivered",IF(Clean_Data[[#This Row],[DeliveryMinutes]]<=Dashboard!$X$5,1,0),0) -> 1 | Y63: =IF(AND(Clean_Data[[#This Row],[OrderDate]]>=Dashboard!$B$5,Clean_Data[[#This Row],[OrderDate]]<=Dashboard!$F$5,OR(Dashboard!$J$5="All",Clean_Data[[#This Row],[Zone]]=Dashboard!$J$5),OR(Dashboard!$P$5="All",Clean_Data[[#This Row],[Category]]=Dashboard!$P$5)),1,0) -> 1 | Z63: =IF(AND(Clean_Data[[#This Row],[Include]]=1,Clean_Data[[#This Row],[DeliveredFlag]]=1),1,0) -> 1 | AA63: =IF(COUNTIF($D$2:D63,D63)=1,ROW()-1,ROWS(Clean_Data[OrderID])+1) -> 62 | AB63: =IF(COUNTIF($F$2:F63,F63)=1,ROW()-1,ROWS(Clean_Data[OrderID])+1) -> 901 | AC63: =IF(COUNTIF($G$2:G63,G63)=1,ROW()-1,ROWS(Clean_Data[OrderID])+1) -> 901 | AD63: =IF(COUNTIF($H$2:H63,H63)=1,ROW()-1,ROWS(Clean_Data[OrderID])+1) -> 901 | AE63: =IF(COUNTIF($V$2:V63,V63)=1,V63,ROWS(Clean_Data[OrderID])+1) -> 901 | AF63: =IF(COUNTIF($U$2:U63,U63)=1,U63,ROWS(Clean_Data[OrderID])+1) -> 901 | AG63: =IF(COUNTIF($E$2:E63,E63)=1,ROW()-1,ROWS(Clean_Data[OrderID])+1) -> 901
A64: G0063 | B64: 46268 | C64: 20 | D64: C210 | E64: Returning | F64: South | G64: Snacks | H64: Chips | I64: 3 | J64: 40 | K64: 0.15 | L64: Delivered | M64: 28 | N64: 11 | O64: 5 | P64: =Clean_Data[[#This Row],[Quantity]]*Clean_Data[[#This Row],[UnitPrice]] -> 120 | Q64: =ROUND(Clean_Data[[#This Row],[GrossSales]]*Clean_Data[[#This Row],[DiscountPct]],2) -> 18 | R64: =IF(Clean_Data[[#This Row],[Status]]="Delivered",ROUND(Clean_Data[[#This Row],[GrossSales]]-Clean_Data[[#This Row],[DiscountAmount]],2),0) -> 102 | S64: =IF(Clean_Data[[#This Row],[OrderHour]]<6,"Night",IF(Clean_Data[[#This Row],[OrderHour]]<12,"Morning",IF(Clean_Data[[#This Row],[OrderHour]]<18,"Afternoon","Evening"))) -> Evening | T64: =TEXT(Clean_Data[[#This Row],[OrderDate]],"[$-409]ddd") -> Thu | U64: =WEEKDAY(Clean_Data[[#This Row],[OrderDate]],2) -> 4 | V64: =INT(Clean_Data[[#This Row],[OrderHour]]/6)+1 -> 4 | W64: =IF(Clean_Data[[#This Row],[Status]]="Delivered",1,0) -> 1 | X64: =IF(Clean_Data[[#This Row],[Status]]="Delivered",IF(Clean_Data[[#This Row],[DeliveryMinutes]]<=Dashboard!$X$5,1,0),0) -> 1 | Y64: =IF(AND(Clean_Data[[#This Row],[OrderDate]]>=Dashboard!$B$5,Clean_Data[[#This Row],[OrderDate]]<=Dashboard!$F$5,OR(Dashboard!$J$5="All",Clean_Data[[#This Row],[Zone]]=Dashboard!$J$5),OR(Dashboard!$P$5="All",Clean_Data[[#This Row],[Category]]=Dashboard!$P$5)),1,0) -> 1 | Z64: =IF(AND(Clean_Data[[#This Row],[Include]]=1,Clean_Data[[#This Row],[DeliveredFlag]]=1),1,0) -> 1 | AA64: =IF(COUNTIF($D$2:D64,D64)=1,ROW()-1,ROWS(Clean_Data[OrderID])+1) -> 63 | AB64: =IF(COUNTIF($F$2:F64,F64)=1,ROW()-1,ROWS(Clean_Data[OrderID])+1) -> 901 | AC64: =IF(COUNTIF($G$2:G64,G64)=1,ROW()-1,ROWS(Clean_Data[OrderID])+1) -> 901 | AD64: =IF(COUNTIF($H$2:H64,H64)=1,ROW()-1,ROWS(Clean_Data[OrderID])+1) -> 901 | AE64: =IF(COUNTIF($V$2:V64,V64)=1,V64,ROWS(Clean_Data[OrderID])+1) -> 901 | AF64: =IF(COUNTIF($U$2:U64,U64)=1,U64,ROWS(Clean_Data[OrderID])+1) -> 901 | AG64: =IF(COUNTIF($E$2:E64,E64)=1,ROW()-1,ROWS(Clean_Data[OrderID])+1) -> 901
A65: G0064 | B65: 46268 | C65: 17 | D65: C009 | E65: New | F65: South | G65: Bakery | H65: Bread | I65: 1 | J65: 45 | K65: 0.05 | L65: Delivered | M65: 17 | N65: 13 | O65: 4 | P65: =Clean_Data[[#This Row],[Quantity]]*Clean_Data[[#This Row],[UnitPrice]] -> 45 | Q65: =ROUND(Clean_Data[[#This Row],[GrossSales]]*Clean_Data[[#This Row],[DiscountPct]],2) -> 2.25 | R65: =IF(Clean_Data[[#This Row],[Status]]="Delivered",ROUND(Clean_Data[[#This Row],[GrossSales]]-Clean_Data[[#This Row],[DiscountAmount]],2),0) -> 42.75 | S65: =IF(Clean_Data[[#This Row],[OrderHour]]<6,"Night",IF(Clean_Data[[#This Row],[OrderHour]]<12,"Morning",IF(Clean_Data[[#This Row],[OrderHour]]<18,"Afternoon","Evening"))) -> Afternoon | T65: =TEXT(Clean_Data[[#This Row],[OrderDate]],"[$-409]ddd") -> Thu | U65: =WEEKDAY(Clean_Data[[#This Row],[OrderDate]],2) -> 4 | V65: =INT(Clean_Data[[#This Row],[OrderHour]]/6)+1 -> 3 | W65: =IF(Clean_Data[[#This Row],[Status]]="Delivered",1,0) -> 1 | X65: =IF(Clean_Data[[#This Row],[Status]]="Delivered",IF(Clean_Data[[#This Row],[DeliveryMinutes]]<=Dashboard!$X$5,1,0),0) -> 1 | Y65: =IF(AND(Clean_Data[[#This Row],[OrderDate]]>=Dashboard!$B$5,Clean_Data[[#This Row],[OrderDate]]<=Dashboard!$F$5,OR(Dashboard!$J$5="All",Clean_Data[[#This Row],[Zone]]=Dashboard!$J$5),OR(Dashboard!$P$5="All",Clean_Data[[#This Row],[Category]]=Dashboard!$P$5)),1,0) -> 1 | Z65: =IF(AND(Clean_Data[[#This Row],[Include]]=1,Clean_Data[[#This Row],[DeliveredFlag]]=1),1,0) -> 1 | AA65: =IF(COUNTIF($D$2:D65,D65)=1,ROW()-1,ROWS(Clean_Data[OrderID])+1) -> 64 | AB65: =IF(COUNTIF($F$2:F65,F65)=1,ROW()-1,ROWS(Clean_Data[OrderID])+1) -> 901 | AC65: =IF(COUNTIF($G$2:G65,G65)=1,ROW()-1,ROWS(Clean_Data[OrderID])+1) -> 901 | AD65: =IF(COUNTIF($H$2:H65,H65)=1,ROW()-1,ROWS(Clean_Data[OrderID])+1) -> 901 | AE65: =IF(COUNTIF($V$2:V65,V65)=1,V65,ROWS(Clean_Data[OrderID])+1) -> 901 | AF65: =IF(COUNTIF($U$2:U65,U65)=1,U65,ROWS(Clean_Data[OrderID])+1) -> 901 | AG65: =IF(COUNTIF($E$2:E65,E65)=1,ROW()-1,ROWS(Clean_Data[OrderID])+1) -> 901
A66: G0065 | B66: 46268 | C66: 10 | D66: C110 | E66: Returning | F66: South | G66: Beverages | H66: Juice | I66: 6 | J66: 115 | K66: 0.05 | L66: Delivered | M66: 35 | N66: 6 | O66: 5 | P66: =Clean_Data[[#This Row],[Quantity]]*Clean_Data[[#This Row],[UnitPrice]] -> 690 | Q66: =ROUND(Clean_Data[[#This Row],[GrossSales]]*Clean_Data[[#This Row],[DiscountPct]],2) -> 34.5 | R66: =IF(Clean_Data[[#This Row],[Status]]="Delivered",ROUND(Clean_Data[[#This Row],[GrossSales]]-Clean_Data[[#This Row],[DiscountAmount]],2),0) -> 655.5 | S66: =IF(Clean_Data[[#This Row],[OrderHour]]<6,"Night",IF(Clean_Data[[#This Row],[OrderHour]]<12,"Morning",IF(Clean_Data[[#This Row],[OrderHour]]<18,"Afternoon","Evening"))) -> Morning | T66: =TEXT(Clean_Data[[#This Row],[OrderDate]],"[$-409]ddd") -> Thu | U66: =WEEKDAY(Clean_Data[[#This Row],[OrderDate]],2) -> 4 | V66: =INT(Clean_Data[[#This Row],[OrderHour]]/6)+1 -> 2 | W66: =IF(Clean_Data[[#This Row],[Status]]="Delivered",1,0) -> 1 | X66: =IF(Clean_Data[[#This Row],[Status]]="Delivered",IF(Clean_Data[[#This Row],[DeliveryMinutes]]<=Dashboard!$X$5,1,0),0) -> 0 | Y66: =IF(AND(Clean_Data[[#This Row],[OrderDate]]>=Dashboard!$B$5,Clean_Data[[#This Row],[OrderDate]]<=Dashboard!$F$5,OR(Dashboard!$J$5="All",Clean_Data[[#This Row],[Zone]]=Dashboard!$J$5),OR(Dashboard!$P$5="All",Clean_Data[[#This Row],[Category]]=Dashboard!$P$5)),1,0) -> 1 | Z66: =IF(AND(Clean_Data[[#This Row],[Include]]=1,Clean_Data[[#This Row],[DeliveredFlag]]=1),1,0) -> 1 | AA66: =IF(COUNTIF($D$2:D66,D66)=1,ROW()-1,ROWS(Clean_Data[OrderID])+1) -> 901 | AB66: =IF(COUNTIF($F$2:F66,F66)=1,ROW()-1,ROWS(Clean_Data[OrderID])+1) -> 901 | AC66: =IF(COUNTIF($G$2:G66,G66)=1,ROW()-1,ROWS(Clean_Data[OrderID])+1) -> 901 | AD66: =IF(COUNTIF($H$2:H66,H66)=1,ROW()-1,ROWS(Clean_Data[OrderID])+1) -> 901 | AE66: =IF(COUNTIF($V$2:V66,V66)=1,V66,ROWS(Clean_Data[OrderID])+1) -> 901 | AF66: =IF(COUNTIF($U$2:U66,U66)=1,U66,ROWS(Clean_Data[OrderID])+1) -> 901 | AG66: =IF(COUNTIF($E$2:E66,E66)=1,ROW()-1,ROWS(Clean_Data[OrderID])+1) -> 901
A67: G0066 | B67: 46268 | C67: 17 | D67: C033 | E67: New | F67: Central | G67: Bakery | H67: Bread | I67: 2 | J67: 45 | K67: 0 | L67: Delivered | M67: 29 | N67: 5 | O67: 4 | P67: =Clean_Data[[#This Row],[Quantity]]*Clean_Data[[#This Row],[UnitPrice]] -> 90 | Q67: =ROUND(Clean_Data[[#This Row],[GrossSales]]*Clean_Data[[#This Row],[DiscountPct]],2) -> 0 | R67: =IF(Clean_Data[[#This Row],[Status]]="Delivered",ROUND(Clean_Data[[#This Row],[GrossSales]]-Clean_Data[[#This Row],[DiscountAmount]],2),0) -> 90 | S67: =IF(Clean_Data[[#This Row],[OrderHour]]<6,"Night",IF(Clean_Data[[#This Row],[OrderHour]]<12,"Morning",IF(Clean_Data[[#This Row],[OrderHour]]<18,"Afternoon","Evening"))) -> Afternoon | T67: =TEXT(Clean_Data[[#This Row],[OrderDate]],"[$-409]ddd") -> Thu | U67: =WEEKDAY(Clean_Data[[#This Row],[OrderDate]],2) -> 4 | V67: =INT(Clean_Data[[#This Row],[OrderHour]]/6)+1 -> 3 | W67: =IF(Clean_Data[[#This Row],[Status]]="Delivered",1,0) -> 1 | X67: =IF(Clean_Data[[#This Row],[Status]]="Delivered",IF(Clean_Data[[#This Row],[DeliveryMinutes]]<=Dashboard!$X$5,1,0),0) -> 1 | Y67: =IF(AND(Clean_Data[[#This Row],[OrderDate]]>=Dashboard!$B$5,Clean_Data[[#This Row],[OrderDate]]<=Dashboard!$F$5,OR(Dashboard!$J$5="All",Clean_Data[[#This Row],[Zone]]=Dashboard!$J$5),OR(Dashboard!$P$5="All",Clean_Data[[#This Row],[Category]]=Dashboard!$P$5)),1,0) -> 1 | Z67: =IF(AND(Clean_Data[[#This Row],[Include]]=1,Clean_Data[[#This Row],[DeliveredFlag]]=1),1,0) -> 1 | AA67: =IF(COUNTIF($D$2:D67,D67)=1,ROW()-1,ROWS(Clean_Data[OrderID])+1) -> 66 | AB67: =IF(COUNTIF($F$2:F67,F67)=1,ROW()-1,ROWS(Clean_Data[OrderID])+1) -> 901 | AC67: =IF(COUNTIF($G$2:G67,G67)=1,ROW()-1,ROWS(Clean_Data[OrderID])+1) -> 901 | AD67: =IF(COUNTIF($H$2:H67,H67)=1,ROW()-1,ROWS(Clean_Data[OrderID])+1) -> 901 | AE67: =IF(COUNTIF($V$2:V67,V67)=1,V67,ROWS(Clean_Data[OrderID])+1) -> 901 | AF67: =IF(COUNTIF($U$2:U67,U67)=1,U67,ROWS(Clean_Data[OrderID])+1) -> 901 | AG67: =IF(COUNTIF($E$2:E67,E67)=1,ROW()-1,ROWS(Clean_Data[OrderID])+1) -> 901
A68: G0067 | B68: 46268 | C68: 10 | D68: C077 | E68: New | F68: Central | G68: Bakery | H68: Bread | I68: 2 | J68: 45 | K68: 0 | L68: Delivered | M68: 27 | N68: 6 | O68: 3 | P68: =Clean_Data[[#This Row],[Quantity]]*Clean_Data[[#This Row],[UnitPrice]] -> 90 | Q68: =ROUND(Clean_Data[[#This Row],[GrossSales]]*Clean_Data[[#This Row],[DiscountPct]],2) -> 0 | R68: =IF(Clean_Data[[#This Row],[Status]]="Delivered",ROUND(Clean_Data[[#This Row],[GrossSales]]-Clean_Data[[#This Row],[DiscountAmount]],2),0) -> 90 | S68: =IF(Clean_Data[[#This Row],[OrderHour]]<6,"Night",IF(Clean_Data[[#This Row],[OrderHour]]<12,"Morning",IF(Clean_Data[[#This Row],[OrderHour]]<18,"Afternoon","Evening"))) -> Morning | T68: =TEXT(Clean_Data[[#This Row],[OrderDate]],"[$-409]ddd") -> Thu | U68: =WEEKDAY(Clean_Data[[#This Row],[OrderDate]],2) -> 4 | V68: =INT(Clean_Data[[#This Row],[OrderHour]]/6)+1 -> 2 | W68: =IF(Clean_Data[[#This Row],[Status]]="Delivered",1,0) -> 1 | X68: =IF(Clean_Data[[#This Row],[Status]]="Delivered",IF(Clean_Data[[#This Row],[DeliveryMinutes]]<=Dashboard!$X$5,1,0),0) -> 1 | Y68: =IF(AND(Clean_Data[[#This Row],[OrderDate]]>=Dashboard!$B$5,Clean_Data[[#This Row],[OrderDate]]<=Dashboard!$F$5,OR(Dashboard!$J$5="All",Clean_Data[[#This Row],[Zone]]=Dashboard!$J$5),OR(Dashboard!$P$5="All",Clean_Data[[#This Row],[Category]]=Dashboard!$P$5)),1,0) -> 1 | Z68: =IF(AND(Clean_Data[[#This Row],[Include]]=1,Clean_Data[[#This Row],[DeliveredFlag]]=1),1,0) -> 1 | AA68: =IF(COUNTIF($D$2:D68,D68)=1,ROW()-1,ROWS(Clean_Data[OrderID])+1) -> 901 | AB68: =IF(COUNTIF($F$2:F68,F68)=1,ROW()-1,ROWS(Clean_Data[OrderID])+1) -> 901 | AC68: =IF(COUNTIF($G$2:G68,G68)=1,ROW()-1,ROWS(Clean_Data[OrderID])+1) -> 901 | AD68: =IF(COUNTIF($H$2:H68,H68)=1,ROW()-1,ROWS(Clean_Data[OrderID])+1) -> 901 | AE68: =IF(COUNTIF($V$2:V68,V68)=1,V68,ROWS(Clean_Data[OrderID])+1) -> 901 | AF68: =IF(COUNTIF($U$2:U68,U68)=1,U68,ROWS(Clean_Data[OrderID])+1) -> 901 | AG68: =IF(COUNTIF($E$2:E68,E68)=1,ROW()-1,ROWS(Clean_Data[OrderID])+1) -> 901
A69: G0068 | B69: 46268 | C69: 10 | D69: C104 | E69: Returning | F69: Central | G69: Dairy | H69: Cheese | I69: 3 | J69: 155 | K69: 0 | L69: Delivered | M69: 24 | N69: 13 | O69: 4 | P69: =Clean_Data[[#This Row],[Quantity]]*Clean_Data[[#This Row],[UnitPrice]] -> 465 | Q69: =ROUND(Clean_Data[[#This Row],[GrossSales]]*Clean_Data[[#This Row],[DiscountPct]],2) -> 0 | R69: =IF(Clean_Data[[#This Row],[Status]]="Delivered",ROUND(Clean_Data[[#This Row],[GrossSales]]-Clean_Data[[#This Row],[DiscountAmount]],2),0) -> 465 | S69: =IF(Clean_Data[[#This Row],[OrderHour]]<6,"Night",IF(Clean_Data[[#This Row],[OrderHour]]<12,"Morning",IF(Clean_Data[[#This Row],[OrderHour]]<18,"Afternoon","Evening"))) -> Morning | T69: =TEXT(Clean_Data[[#This Row],[OrderDate]],"[$-409]ddd") -> Thu | U69: =WEEKDAY(Clean_Data[[#This Row],[OrderDate]],2) -> 4 | V69: =INT(Clean_Data[[#This Row],[OrderHour]]/6)+1 -> 2 | W69: =IF(Clean_Data[[#This Row],[Status]]="Delivered",1,0) -> 1 | X69: =IF(Clean_Data[[#This Row],[Status]]="Delivered",IF(Clean_Data[[#This Row],[DeliveryMinutes]]<=Dashboard!$X$5,1,0),0) -> 1 | Y69: =IF(AND(Clean_Data[[#This Row],[OrderDate]]>=Dashboard!$B$5,Clean_Data[[#This Row],[OrderDate]]<=Dashboard!$F$5,OR(Dashboard!$J$5="All",Clean_Data[[#This Row],[Zone]]=Dashboard!$J$5),OR(Dashboard!$P$5="All",Clean_Data[[#This Row],[Category]]=Dashboard!$P$5)),1,0) -> 1 | Z69: =IF(AND(Clean_Data[[#This Row],[Include]]=1,Clean_Data[[#This Row],[DeliveredFlag]]=1),1,0) -> 1 | AA69: =IF(COUNTIF($D$2:D69,D69)=1,ROW()-1,ROWS(Clean_Data[OrderID])+1) -> 68 | AB69: =IF(COUNTIF($F$2:F69,F69)=1,ROW()-1,ROWS(Clean_Data[OrderID])+1) -> 901 | AC69: =IF(COUNTIF($G$2:G69,G69)=1,ROW()-1,ROWS(Clean_Data[OrderID])+1) -> 901 | AD69: =IF(COUNTIF($H$2:H69,H69)=1,ROW()-1,ROWS(Clean_Data[OrderID])+1) -> 901 | AE69: =IF(COUNTIF($V$2:V69,V69)=1,V69,ROWS(Clean_Data[OrderID])+1) -> 901 | AF69: =IF(COUNTIF($U$2:U69,U69)=1,U69,ROWS(Clean_Data[OrderID])+1) -> 901 | AG69: =IF(COUNTIF($E$2:E69,E69)=1,ROW()-1,ROWS(Clean_Data[OrderID])+1) -> 901
A70: G0069 | B70: 46268 | C70: 7 | D70: C285 | E70: Returning | F70: South | G70: Household | H70: Detergent | I70: 3 | J70: 240 | K70: 0 | L70: Delivered | M70: 13 | N70: 13 | O70: 3 | P70: =Clean_Data[[#This Row],[Quantity]]*Clean_Data[[#This Row],[UnitPrice]] -> 720 | Q70: =ROUND(Clean_Data[[#This Row],[GrossSales]]*Clean_Data[[#This Row],[DiscountPct]],2) -> 0 | R70: =IF(Clean_Data[[#This Row],[Status]]="Delivered",ROUND(Clean_Data[[#This Row],[GrossSales]]-Clean_Data[[#This Row],[DiscountAmount]],2),0) -> 720 | S70: =IF(Clean_Data[[#This Row],[OrderHour]]<6,"Night",IF(Clean_Data[[#This Row],[OrderHour]]<12,"Morning",IF(Clean_Data[[#This Row],[OrderHour]]<18,"Afternoon","Evening"))) -> Morning | T70: =TEXT(Clean_Data[[#This Row],[OrderDate]],"[$-409]ddd") -> Thu | U70: =WEEKDAY(Clean_Data[[#This Row],[OrderDate]],2) -> 4 | V70: =INT(Clean_Data[[#This Row],[OrderHour]]/6)+1 -> 2 | W70: =IF(Clean_Data[[#This Row],[Status]]="Delivered",1,0) -> 1 | X70: =IF(Clean_Data[[#This Row],[Status]]="Delivered",IF(Clean_Data[[#This Row],[DeliveryMinutes]]<=Dashboard!$X$5,1,0),0) -> 1 | Y70: =IF(AND(Clean_Data[[#This Row],[OrderDate]]>=Dashboard!$B$5,Clean_Data[[#This Row],[OrderDate]]<=Dashboard!$F$5,OR(Dashboard!$J$5="All",Clean_Data[[#This Row],[Zone]]=Dashboard!$J$5),OR(Dashboard!$P$5="All",Clean_Data[[#This Row],[Category]]=Dashboard!$P$5)),1,0) -> 1 | Z70: =IF(AND(Clean_Data[[#This Row],[Include]]=1,Clean_Data[[#This Row],[DeliveredFlag]]=1),1,0) -> 1 | AA70: =IF(COUNTIF($D$2:D70,D70)=1,ROW()-1,ROWS(Clean_Data[OrderID])+1) -> 69 | AB70: =IF(COUNTIF($F$2:F70,F70)=1,ROW()-1,ROWS(Clean_Data[OrderID])+1) -> 901 | AC70: =IF(COUNTIF($G$2:G70,G70)=1,ROW()-1,ROWS(Clean_Data[OrderID])+1) -> 901 | AD70: =IF(COUNTIF($H$2:H70,H70)=1,ROW()-1,ROWS(Clean_Data[OrderID])+1) -> 901 | AE70: =IF(COUNTIF($V$2:V70,V70)=1,V70,ROWS(Clean_Data[OrderID])+1) -> 901 | AF70: =IF(COUNTIF($U$2:U70,U70)=1,U70,ROWS(Clean_Data[OrderID])+1) -> 901 | AG70: =IF(COUNTIF($E$2:E70,E70)=1,ROW()-1,ROWS(Clean_Data[OrderID])+1) -> 901
A71: G0070 | B71: 46268 | C71: 8 | D71: C189 | E71: Returning | F71: Central | G71: Bakery | H71: Croissants | I71: 1 | J71: 95 | K71: 0.15 | L71: Cancelled | P71: =Clean_Data[[#This Row],[Quantity]]*Clean_Data[[#This Row],[UnitPrice]] -> 95 | Q71: =ROUND(Clean_Data[[#This Row],[GrossSales]]*Clean_Data[[#This Row],[DiscountPct]],2) -> 14.25 | R71: =IF(Clean_Data[[#This Row],[Status]]="Delivered",ROUND(Clean_Data[[#This Row],[GrossSales]]-Clean_Data[[#This Row],[DiscountAmount]],2),0) -> 0 | S71: =IF(Clean_Data[[#This Row],[OrderHour]]<6,"Night",IF(Clean_Data[[#This Row],[OrderHour]]<12,"Morning",IF(Clean_Data[[#This Row],[OrderHour]]<18,"Afternoon","Evening"))) -> Morning | T71: =TEXT(Clean_Data[[#This Row],[OrderDate]],"[$-409]ddd") -> Thu | U71: =WEEKDAY(Clean_Data[[#This Row],[OrderDate]],2) -> 4 | V71: =INT(Clean_Data[[#This Row],[OrderHour]]/6)+1 -> 2 | W71: =IF(Clean_Data[[#This Row],[Status]]="Delivered",1,0) -> 0 | X71: =IF(Clean_Data[[#This Row],[Status]]="Delivered",IF(Clean_Data[[#This Row],[DeliveryMinutes]]<=Dashboard!$X$5,1,0),0) -> 0 | Y71: =IF(AND(Clean_Data[[#This Row],[OrderDate]]>=Dashboard!$B$5,Clean_Data[[#This Row],[OrderDate]]<=Dashboard!$F$5,OR(Dashboard!$J$5="All",Clean_Data[[#This Row],[Zone]]=Dashboard!$J$5),OR(Dashboard!$P$5="All",Clean_Data[[#This Row],[Category]]=Dashboard!$P$5)),1,0) -> 1 | Z71: =IF(AND(Clean_Data[[#This Row],[Include]]=1,Clean_Data[[#This Row],[DeliveredFlag]]=1),1,0) -> 0 | AA71: =IF(COUNTIF($D$2:D71,D71)=1,ROW()-1,ROWS(Clean_Data[OrderID])+1) -> 901 | AB71: =IF(COUNTIF($F$2:F71,F71)=1,ROW()-1,ROWS(Clean_Data[OrderID])+1) -> 901 | AC71: =IF(COUNTIF($G$2:G71,G71)=1,ROW()-1,ROWS(Clean_Data[OrderID])+1) -> 901 | AD71: =IF(COUNTIF($H$2:H71,H71)=1,ROW()-1,ROWS(Clean_Data[OrderID])+1) -> 901 | AE71: =IF(COUNTIF($V$2:V71,V71)=1,V71,ROWS(Clean_Data[OrderID])+1) -> 901 | AF71: =IF(COUNTIF($U$2:U71,U71)=1,U71,ROWS(Clean_Data[OrderID])+1) -> 901 | AG71: =IF(COUNTIF($E$2:E71,E71)=1,ROW()-1,ROWS(Clean_Data[OrderID])+1) -> 901
A72: G0071 | B72: 46268 | C72: 16 | D72: C153 | E72: Returning | F72: North | G72: Household | H72: Tissues | I72: 1 | J72: 85 | K72: 0.15 | L72: Delivered | M72: 31 | N72: 6 | O72: 3 | P72: =Clean_Data[[#This Row],[Quantity]]*Clean_Data[[#This Row],[UnitPrice]] -> 85 | Q72: =ROUND(Clean_Data[[#This Row],[GrossSales]]*Clean_Data[[#This Row],[DiscountPct]],2) -> 12.75 | R72: =IF(Clean_Data[[#This Row],[Status]]="Delivered",ROUND(Clean_Data[[#This Row],[GrossSales]]-Clean_Data[[#This Row],[DiscountAmount]],2),0) -> 72.25 | S72: =IF(Clean_Data[[#This Row],[OrderHour]]<6,"Night",IF(Clean_Data[[#This Row],[OrderHour]]<12,"Morning",IF(Clean_Data[[#This Row],[OrderHour]]<18,"Afternoon","Evening"))) -> Afternoon | T72: =TEXT(Clean_Data[[#This Row],[OrderDate]],"[$-409]ddd") -> Thu | U72: =WEEKDAY(Clean_Data[[#This Row],[OrderDate]],2) -> 4 | V72: =INT(Clean_Data[[#This Row],[OrderHour]]/6)+1 -> 3 | W72: =IF(Clean_Data[[#This Row],[Status]]="Delivered",1,0) -> 1 | X72: =IF(Clean_Data[[#This Row],[Status]]="Delivered",IF(Clean_Data[[#This Row],[DeliveryMinutes]]<=Dashboard!$X$5,1,0),0) -> 0 | Y72: =IF(AND(Clean_Data[[#This Row],[OrderDate]]>=Dashboard!$B$5,Clean_Data[[#This Row],[OrderDate]]<=Dashboard!$F$5,OR(Dashboard!$J$5="All",Clean_Data[[#This Row],[Zone]]=Dashboard!$J$5),OR(Dashboard!$P$5="All",Clean_Data[[#This Row],[Category]]=Dashboard!$P$5)),1,0) -> 1 | Z72: =IF(AND(Clean_Data[[#This Row],[Include]]=1,Clean_Data[[#This Row],[DeliveredFlag]]=1),1,0) -> 1 | AA72: =IF(COUNTIF($D$2:D72,D72)=1,ROW()-1,ROWS(Clean_Data[OrderID])+1) -> 71 | AB72: =IF(COUNTIF($F$2:F72,F72)=1,ROW()-1,ROWS(Clean_Data[OrderID])+1) -> 901 | AC72: =IF(COUNTIF($G$2:G72,G72)=1,ROW()-1,ROWS(Clean_Data[OrderID])+1) -> 901 | AD72: =IF(COUNTIF($H$2:H72,H72)=1,ROW()-1,ROWS(Clean_Data[OrderID])+1) -> 901 | AE72: =IF(COUNTIF($V$2:V72,V72)=1,V72,ROWS(Clean_Data[OrderID])+1) -> 901 | AF72: =IF(COUNTIF($U$2:U72,U72)=1,U72,ROWS(Clean_Data[OrderID])+1) -> 901 | AG72: =IF(COUNTIF($E$2:E72,E72)=1,ROW()-1,ROWS(Clean_Data[OrderID])+1) -> 901
A73: G0072 | B73: 46268 | C73: 12 | D73: C258 | E73: Returning | F73: Central | G73: Snacks | H73: Popcorn | I73: 2 | J73: 65 | K73: 0.05 | L73: Delivered | M73: 13 | N73: 5 | O73: 3 | P73: =Clean_Data[[#This Row],[Quantity]]*Clean_Data[[#This Row],[UnitPrice]] -> 130 | Q73: =ROUND(Clean_Data[[#This Row],[GrossSales]]*Clean_Data[[#This Row],[DiscountPct]],2) -> 6.5 | R73: =IF(Clean_Data[[#This Row],[Status]]="Delivered",ROUND(Clean_Data[[#This Row],[GrossSales]]-Clean_Data[[#This Row],[DiscountAmount]],2),0) -> 123.5 | S73: =IF(Clean_Data[[#This Row],[OrderHour]]<6,"Night",IF(Clean_Data[[#This Row],[OrderHour]]<12,"Morning",IF(Clean_Data[[#This Row],[OrderHour]]<18,"Afternoon","Evening"))) -> Afternoon | T73: =TEXT(Clean_Data[[#This Row],[OrderDate]],"[$-409]ddd") -> Thu | U73: =WEEKDAY(Clean_Data[[#This Row],[OrderDate]],2) -> 4 | V73: =INT(Clean_Data[[#This Row],[OrderHour]]/6)+1 -> 3 | W73: =IF(Clean_Data[[#This Row],[Status]]="Delivered",1,0) -> 1 | X73: =IF(Clean_Data[[#This Row],[Status]]="Delivered",IF(Clean_Data[[#This Row],[DeliveryMinutes]]<=Dashboard!$X$5,1,0),0) -> 1 | Y73: =IF(AND(Clean_Data[[#This Row],[OrderDate]]>=Dashboard!$B$5,Clean_Data[[#This Row],[OrderDate]]<=Dashboard!$F$5,OR(Dashboard!$J$5="All",Clean_Data[[#This Row],[Zone]]=Dashboard!$J$5),OR(Dashboard!$P$5="All",Clean_Data[[#This Row],[Category]]=Dashboard!$P$5)),1,0) -> 1 | Z73: =IF(AND(Clean_Data[[#This Row],[Include]]=1,Clean_Data[[#This Row],[DeliveredFlag]]=1),1,0) -> 1 | AA73: =IF(COUNTIF($D$2:D73,D73)=1,ROW()-1,ROWS(Clean_Data[OrderID])+1) -> 72 | AB73: =IF(COUNTIF($F$2:F73,F73)=1,ROW()-1,ROWS(Clean_Data[OrderID])+1) -> 901 | AC73: =IF(COUNTIF($G$2:G73,G73)=1,ROW()-1,ROWS(Clean_Data[OrderID])+1) -> 901 | AD73: =IF(COUNTIF($H$2:H73,H73)=1,ROW()-1,ROWS(Clean_Data[OrderID])+1) -> 901 | AE73: =IF(COUNTIF($V$2:V73,V73)=1,V73,ROWS(Clean_Data[OrderID])+1) -> 901 | AF73: =IF(COUNTIF($U$2:U73,U73)=1,U73,ROWS(Clean_Data[OrderID])+1) -> 901 | AG73: =IF(COUNTIF($E$2:E73,E73)=1,ROW()-1,ROWS(Clean_Data[OrderID])+1) -> 901
A74: G0073 | B74: 46268 | C74: 8 | D74: C278 | E74: Returning | F74: Central | G74: Beverages | H74: Tea | I74: 1 | J74: 145 | K74: 0.1 | L74: Delivered | M74: 29 | N74: 13 | O74: 4 | P74: =Clean_Data[[#This Row],[Quantity]]*Clean_Data[[#This Row],[UnitPrice]] -> 145 | Q74: =ROUND(Clean_Data[[#This Row],[GrossSales]]*Clean_Data[[#This Row],[DiscountPct]],2) -> 14.5 | R74: =IF(Clean_Data[[#This Row],[Status]]="Delivered",ROUND(Clean_Data[[#This Row],[GrossSales]]-Clean_Data[[#This Row],[DiscountAmount]],2),0) -> 130.5 | S74: =IF(Clean_Data[[#This Row],[OrderHour]]<6,"Night",IF(Clean_Data[[#This Row],[OrderHour]]<12,"Morning",IF(Clean_Data[[#This Row],[OrderHour]]<18,"Afternoon","Evening"))) -> Morning | T74: =TEXT(Clean_Data[[#This Row],[OrderDate]],"[$-409]ddd") -> Thu | U74: =WEEKDAY(Clean_Data[[#This Row],[OrderDate]],2) -> 4 | V74: =INT(Clean_Data[[#This Row],[OrderHour]]/6)+1 -> 2 | W74: =IF(Clean_Data[[#This Row],[Status]]="Delivered",1,0) -> 1 | X74: =IF(Clean_Data[[#This Row],[Status]]="Delivered",IF(Clean_Data[[#This Row],[DeliveryMinutes]]<=Dashboard!$X$5,1,0),0) -> 1 | Y74: =IF(AND(Clean_Data[[#This Row],[OrderDate]]>=Dashboard!$B$5,Clean_Data[[#This Row],[OrderDate]]<=Dashboard!$F$5,OR(Dashboard!$J$5="All",Clean_Data[[#This Row],[Zone]]=Dashboard!$J$5),OR(Dashboard!$P$5="All",Clean_Data[[#This Row],[Category]]=Dashboard!$P$5)),1,0) -> 1 | Z74: =IF(AND(Clean_Data[[#This Row],[Include]]=1,Clean_Data[[#This Row],[DeliveredFlag]]=1),1,0) -> 1 | AA74: =IF(COUNTIF($D$2:D74,D74)=1,ROW()-1,ROWS(Clean_Data[OrderID])+1) -> 73 | AB74: =IF(COUNTIF($F$2:F74,F74)=1,ROW()-1,ROWS(Clean_Data[OrderID])+1) -> 901 | AC74: =IF(COUNTIF($G$2:G74,G74)=1,ROW()-1,ROWS(Clean_Data[OrderID])+1) -> 901 | AD74: =IF(COUNTIF($H$2:H74,H74)=1,ROW()-1,ROWS(Clean_Data[OrderID])+1) -> 901 | AE74: =IF(COUNTIF($V$2:V74,V74)=1,V74,ROWS(Clean_Data[OrderID])+1) -> 901 | AF74: =IF(COUNTIF($U$2:U74,U74)=1,U74,ROWS(Clean_Data[OrderID])+1) -> 901 | AG74: =IF(COUNTIF($E$2:E74,E74)=1,ROW()-1,ROWS(Clean_Data[OrderID])+1) -> 901
A75: G0074 | B75: 46268 | C75: 13 | D75: C255 | E75: Returning | F75: Central | G75: Household | H75: Dish soap | I75: 4 | J75: 120 | K75: 0.1 | L75: Delivered | M75: 28 | N75: 4 | O75: 3 | P75: =Clean_Data[[#This Row],[Quantity]]*Clean_Data[[#This Row],[UnitPrice]] -> 480 | Q75: =ROUND(Clean_Data[[#This Row],[GrossSales]]*Clean_Data[[#This Row],[DiscountPct]],2) -> 48 | R75: =IF(Clean_Data[[#This Row],[Status]]="Delivered",ROUND(Clean_Data[[#This Row],[GrossSales]]-Clean_Data[[#This Row],[DiscountAmount]],2),0) -> 432 | S75: =IF(Clean_Data[[#This Row],[OrderHour]]<6,"Night",IF(Clean_Data[[#This Row],[OrderHour]]<12,"Morning",IF(Clean_Data[[#This Row],[OrderHour]]<18,"Afternoon","Evening"))) -> Afternoon | T75: =TEXT(Clean_Data[[#This Row],[OrderDate]],"[$-409]ddd") -> Thu | U75: =WEEKDAY(Clean_Data[[#This Row],[OrderDate]],2) -> 4 | V75: =INT(Clean_Data[[#This Row],[OrderHour]]/6)+1 -> 3 | W75: =IF(Clean_Data[[#This Row],[Status]]="Delivered",1,0) -> 1 | X75: =IF(Clean_Data[[#This Row],[Status]]="Delivered",IF(Clean_Data[[#This Row],[DeliveryMinutes]]<=Dashboard!$X$5,1,0),0) -> 1 | Y75: =IF(AND(Clean_Data[[#This Row],[OrderDate]]>=Dashboard!$B$5,Clean_Data[[#This Row],[OrderDate]]<=Dashboard!$F$5,OR(Dashboard!$J$5="All",Clean_Data[[#This Row],[Zone]]=Dashboard!$J$5),OR(Dashboard!$P$5="All",Clean_Data[[#This Row],[Category]]=Dashboard!$P$5)),1,0) -> 1 | Z75: =IF(AND(Clean_Data[[#This Row],[Include]]=1,Clean_Data[[#This Row],[DeliveredFlag]]=1),1,0) -> 1 | AA75: =IF(COUNTIF($D$2:D75,D75)=1,ROW()-1,ROWS(Clean_Data[OrderID])+1) -> 901 | AB75: =IF(COUNTIF($F$2:F75,F75)=1,ROW()-1,ROWS(Clean_Data[OrderID])+1) -> 901 | AC75: =IF(COUNTIF($G$2:G75,G75)=1,ROW()-1,ROWS(Clean_Data[OrderID])+1) -> 901 | AD75: =IF(COUNTIF($H$2:H75,H75)=1,ROW()-1,ROWS(Clean_Data[OrderID])+1) -> 901 | AE75: =IF(COUNTIF($V$2:V75,V75)=1,V75,ROWS(Clean_Data[OrderID])+1) -> 901 | AF75: =IF(COUNTIF($U$2:U75,U75)=1,U75,ROWS(Clean_Data[OrderID])+1) -> 901 | AG75: =IF(COUNTIF($E$2:E75,E75)=1,ROW()-1,ROWS(Clean_Data[OrderID])+1) -> 901
A76: G0075 | B76: 46268 | C76: 19 | D76: C078 | E76: New | F76: Central | G76: Produce | H76: Apples | I76: 1 | J76: 130 | K76: 0.15 | L76: Delivered | M76: 19 | N76: 5 | O76: 5 | P76: =Clean_Data[[#This Row],[Quantity]]*Clean_Data[[#This Row],[UnitPrice]] -> 130 | Q76: =ROUND(Clean_Data[[#This Row],[GrossSales]]*Clean_Data[[#This Row],[DiscountPct]],2) -> 19.5 | R76: =IF(Clean_Data[[#This Row],[Status]]="Delivered",ROUND(Clean_Data[[#This Row],[GrossSales]]-Clean_Data[[#This Row],[DiscountAmount]],2),0) -> 110.5 | S76: =IF(Clean_Data[[#This Row],[OrderHour]]<6,"Night",IF(Clean_Data[[#This Row],[OrderHour]]<12,"Morning",IF(Clean_Data[[#This Row],[OrderHour]]<18,"Afternoon","Evening"))) -> Evening | T76: =TEXT(Clean_Data[[#This Row],[OrderDate]],"[$-409]ddd") -> Thu | U76: =WEEKDAY(Clean_Data[[#This Row],[OrderDate]],2) -> 4 | V76: =INT(Clean_Data[[#This Row],[OrderHour]]/6)+1 -> 4 | W76: =IF(Clean_Data[[#This Row],[Status]]="Delivered",1,0) -> 1 | X76: =IF(Clean_Data[[#This Row],[Status]]="Delivered",IF(Clean_Data[[#This Row],[DeliveryMinutes]]<=Dashboard!$X$5,1,0),0) -> 1 | Y76: =IF(AND(Clean_Data[[#This Row],[OrderDate]]>=Dashboard!$B$5,Clean_Data[[#This Row],[OrderDate]]<=Dashboard!$F$5,OR(Dashboard!$J$5="All",Clean_Data[[#This Row],[Zone]]=Dashboard!$J$5),OR(Dashboard!$P$5="All",Clean_Data[[#This Row],[Category]]=Dashboard!$P$5)),1,0) -> 1 | Z76: =IF(AND(Clean_Data[[#This Row],[Include]]=1,Clean_Data[[#This Row],[DeliveredFlag]]=1),1,0) -> 1 | AA76: =IF(COUNTIF($D$2:D76,D76)=1,ROW()-1,ROWS(Clean_Data[OrderID])+1) -> 75 | AB76: =IF(COUNTIF($F$2:F76,F76)=1,ROW()-1,ROWS(Clean_Data[OrderID])+1) -> 901 | AC76: =IF(COUNTIF($G$2:G76,G76)=1,ROW()-1,ROWS(Clean_Data[OrderID])+1) -> 901 | AD76: =IF(COUNTIF($H$2:H76,H76)=1,ROW()-1,ROWS(Clean_Data[OrderID])+1) -> 901 | AE76: =IF(COUNTIF($V$2:V76,V76)=1,V76,ROWS(Clean_Data[OrderID])+1) -> 901 | AF76: =IF(COUNTIF($U$2:U76,U76)=1,U76,ROWS(Clean_Data[OrderID])+1) -> 901 | AG76: =IF(COUNTIF($E$2:E76,E76)=1,ROW()-1,ROWS(Clean_Data[OrderID])+1) -> 901
A77: G0076 | B77: 46268 | C77: 9 | D77: C124 | E77: Returning | F77: East | G77: Beverages | H77: Tea | I77: 3 | J77: 145 | K77: 0.1 | L77: Delivered | M77: 34 | N77: 8 | O77: 4 | P77: =Clean_Data[[#This Row],[Quantity]]*Clean_Data[[#This Row],[UnitPrice]] -> 435 | Q77: =ROUND(Clean_Data[[#This Row],[GrossSales]]*Clean_Data[[#This Row],[DiscountPct]],2) -> 43.5 | R77: =IF(Clean_Data[[#This Row],[Status]]="Delivered",ROUND(Clean_Data[[#This Row],[GrossSales]]-Clean_Data[[#This Row],[DiscountAmount]],2),0) -> 391.5 | S77: =IF(Clean_Data[[#This Row],[OrderHour]]<6,"Night",IF(Clean_Data[[#This Row],[OrderHour]]<12,"Morning",IF(Clean_Data[[#This Row],[OrderHour]]<18,"Afternoon","Evening"))) -> Morning | T77: =TEXT(Clean_Data[[#This Row],[OrderDate]],"[$-409]ddd") -> Thu | U77: =WEEKDAY(Clean_Data[[#This Row],[OrderDate]],2) -> 4 | V77: =INT(Clean_Data[[#This Row],[OrderHour]]/6)+1 -> 2 | W77: =IF(Clean_Data[[#This Row],[Status]]="Delivered",1,0) -> 1 | X77: =IF(Clean_Data[[#This Row],[Status]]="Delivered",IF(Clean_Data[[#This Row],[DeliveryMinutes]]<=Dashboard!$X$5,1,0),0) -> 0 | Y77: =IF(AND(Clean_Data[[#This Row],[OrderDate]]>=Dashboard!$B$5,Clean_Data[[#This Row],[OrderDate]]<=Dashboard!$F$5,OR(Dashboard!$J$5="All",Clean_Data[[#This Row],[Zone]]=Dashboard!$J$5),OR(Dashboard!$P$5="All",Clean_Data[[#This Row],[Category]]=Dashboard!$P$5)),1,0) -> 1 | Z77: =IF(AND(Clean_Data[[#This Row],[Include]]=1,Clean_Data[[#This Row],[DeliveredFlag]]=1),1,0) -> 1 | AA77: =IF(COUNTIF($D$2:D77,D77)=1,ROW()-1,ROWS(Clean_Data[OrderID])+1) -> 901 | AB77: =IF(COUNTIF($F$2:F77,F77)=1,ROW()-1,ROWS(Clean_Data[OrderID])+1) -> 901 | AC77: =IF(COUNTIF($G$2:G77,G77)=1,ROW()-1,ROWS(Clean_Data[OrderID])+1) -> 901 | AD77: =IF(COUNTIF($H$2:H77,H77)=1,ROW()-1,ROWS(Clean_Data[OrderID])+1) -> 901 | AE77: =IF(COUNTIF($V$2:V77,V77)=1,V77,ROWS(Clean_Data[OrderID])+1) -> 901 | AF77: =IF(COUNTIF($U$2:U77,U77)=1,U77,ROWS(Clean_Data[OrderID])+1) -> 901 | AG77: =IF(COUNTIF($E$2:E77,E77)=1,ROW()-1,ROWS(Clean_Data[OrderID])+1) -> 901
A78: G0077 | B78: 46268 | C78: 10 | D78: C031 | E78: New | F78: North | G78: Snacks | H78: Nuts | I78: 6 | J78: 180 | K78: 0.05 | L78: Delivered | M78: 17 | N78: 5 | O78: 5 | P78: =Clean_Data[[#This Row],[Quantity]]*Clean_Data[[#This Row],[UnitPrice]] -> 1080 | Q78: =ROUND(Clean_Data[[#This Row],[GrossSales]]*Clean_Data[[#This Row],[DiscountPct]],2) -> 54 | R78: =IF(Clean_Data[[#This Row],[Status]]="Delivered",ROUND(Clean_Data[[#This Row],[GrossSales]]-Clean_Data[[#This Row],[DiscountAmount]],2),0) -> 1026 | S78: =IF(Clean_Data[[#This Row],[OrderHour]]<6,"Night",IF(Clean_Data[[#This Row],[OrderHour]]<12,"Morning",IF(Clean_Data[[#This Row],[OrderHour]]<18,"Afternoon","Evening"))) -> Morning | T78: =TEXT(Clean_Data[[#This Row],[OrderDate]],"[$-409]ddd") -> Thu | U78: =WEEKDAY(Clean_Data[[#This Row],[OrderDate]],2) -> 4 | V78: =INT(Clean_Data[[#This Row],[OrderHour]]/6)+1 -> 2 | W78: =IF(Clean_Data[[#This Row],[Status]]="Delivered",1,0) -> 1 | X78: =IF(Clean_Data[[#This Row],[Status]]="Delivered",IF(Clean_Data[[#This Row],[DeliveryMinutes]]<=Dashboard!$X$5,1,0),0) -> 1 | Y78: =IF(AND(Clean_Data[[#This Row],[OrderDate]]>=Dashboard!$B$5,Clean_Data[[#This Row],[OrderDate]]<=Dashboard!$F$5,OR(Dashboard!$J$5="All",Clean_Data[[#This Row],[Zone]]=Dashboard!$J$5),OR(Dashboard!$P$5="All",Clean_Data[[#This Row],[Category]]=Dashboard!$P$5)),1,0) -> 1 | Z78: =IF(AND(Clean_Data[[#This Row],[Include]]=1,Clean_Data[[#This Row],[DeliveredFlag]]=1),1,0) -> 1 | AA78: =IF(COUNTIF($D$2:D78,D78)=1,ROW()-1,ROWS(Clean_Data[OrderID])+1) -> 77 | AB78: =IF(COUNTIF($F$2:F78,F78)=1,ROW()-1,ROWS(Clean_Data[OrderID])+1) -> 901 | AC78: =IF(COUNTIF($G$2:G78,G78)=1,ROW()-1,ROWS(Clean_Data[OrderID])+1) -> 901 | AD78: =IF(COUNTIF($H$2:H78,H78)=1,ROW()-1,ROWS(Clean_Data[OrderID])+1) -> 901 | AE78: =IF(COUNTIF($V$2:V78,V78)=1,V78,ROWS(Clean_Data[OrderID])+1) -> 901 | AF78: =IF(COUNTIF($U$2:U78,U78)=1,U78,ROWS(Clean_Data[OrderID])+1) -> 901 | AG78: =IF(COUNTIF($E$2:E78,E78)=1,ROW()-1,ROWS(Clean_Data[OrderID])+1) -> 901
A79: G0078 | B79: 46268 | C79: 8 | D79: C102 | E79: Returning | F79: Central | G79: Snacks | H79: Chips | I79: 5 | J79: 40 | K79: 0 | L79: Delivered | M79: 25 | N79: 9 | O79: 3 | P79: =Clean_Data[[#This Row],[Quantity]]*Clean_Data[[#This Row],[UnitPrice]] -> 200 | Q79: =ROUND(Clean_Data[[#This Row],[GrossSales]]*Clean_Data[[#This Row],[DiscountPct]],2) -> 0 | R79: =IF(Clean_Data[[#This Row],[Status]]="Delivered",ROUND(Clean_Data[[#This Row],[GrossSales]]-Clean_Data[[#This Row],[DiscountAmount]],2),0) -> 200 | S79: =IF(Clean_Data[[#This Row],[OrderHour]]<6,"Night",IF(Clean_Data[[#This Row],[OrderHour]]<12,"Morning",IF(Clean_Data[[#This Row],[OrderHour]]<18,"Afternoon","Evening"))) -> Morning | T79: =TEXT(Clean_Data[[#This Row],[OrderDate]],"[$-409]ddd") -> Thu | U79: =WEEKDAY(Clean_Data[[#This Row],[OrderDate]],2) -> 4 | V79: =INT(Clean_Data[[#This Row],[OrderHour]]/6)+1 -> 2 | W79: =IF(Clean_Data[[#This Row],[Status]]="Delivered",1,0) -> 1 | X79: =IF(Clean_Data[[#This Row],[Status]]="Delivered",IF(Clean_Data[[#This Row],[DeliveryMinutes]]<=Dashboard!$X$5,1,0),0) -> 1 | Y79: =IF(AND(Clean_Data[[#This Row],[OrderDate]]>=Dashboard!$B$5,Clean_Data[[#This Row],[OrderDate]]<=Dashboard!$F$5,OR(Dashboard!$J$5="All",Clean_Data[[#This Row],[Zone]]=Dashboard!$J$5),OR(Dashboard!$P$5="All",Clean_Data[[#This Row],[Category]]=Dashboard!$P$5)),1,0) -> 1 | Z79: =IF(AND(Clean_Data[[#This Row],[Include]]=1,Clean_Data[[#This Row],[DeliveredFlag]]=1),1,0) -> 1 | AA79: =IF(COUNTIF($D$2:D79,D79)=1,ROW()-1,ROWS(Clean_Data[OrderID])+1) -> 78 | AB79: =IF(COUNTIF($F$2:F79,F79)=1,ROW()-1,ROWS(Clean_Data[OrderID])+1) -> 901 | AC79: =IF(COUNTIF($G$2:G79,G79)=1,ROW()-1,ROWS(Clean_Data[OrderID])+1) -> 901 | AD79: =IF(COUNTIF($H$2:H79,H79)=1,ROW()-1,ROWS(Clean_Data[OrderID])+1) -> 901 | AE79: =IF(COUNTIF($V$2:V79,V79)=1,V79,ROWS(Clean_Data[OrderID])+1) -> 901 | AF79: =IF(COUNTIF($U$2:U79,U79)=1,U79,ROWS(Clean_Data[OrderID])+1) -> 901 | AG79: =IF(COUNTIF($E$2:E79,E79)=1,ROW()-1,ROWS(Clean_Data[OrderID])+1) -> 901
A80: G0079 | B80: 46268 | C80: 17 | D80: C027 | E80: New | F80: Central | G80: Produce | H80: Bananas | I80: 3 | J80: 55 | K80: 0.15 | L80: Delivered | M80: 33 | N80: 5 | O80: 5 | P80: =Clean_Data[[#This Row],[Quantity]]*Clean_Data[[#This Row],[UnitPrice]] -> 165 | Q80: =ROUND(Clean_Data[[#This Row],[GrossSales]]*Clean_Data[[#This Row],[DiscountPct]],2) -> 24.75 | R80: =IF(Clean_Data[[#This Row],[Status]]="Delivered",ROUND(Clean_Data[[#This Row],[GrossSales]]-Clean_Data[[#This Row],[DiscountAmount]],2),0) -> 140.25 | S80: =IF(Clean_Data[[#This Row],[OrderHour]]<6,"Night",IF(Clean_Data[[#This Row],[OrderHour]]<12,"Morning",IF(Clean_Data[[#This Row],[OrderHour]]<18,"Afternoon","Evening"))) -> Afternoon | T80: =TEXT(Clean_Data[[#This Row],[OrderDate]],"[$-409]ddd") -> Thu | U80: =WEEKDAY(Clean_Data[[#This Row],[OrderDate]],2) -> 4 | V80: =INT(Clean_Data[[#This Row],[OrderHour]]/6)+1 -> 3 | W80: =IF(Clean_Data[[#This Row],[Status]]="Delivered",1,0) -> 1 | X80: =IF(Clean_Data[[#This Row],[Status]]="Delivered",IF(Clean_Data[[#This Row],[DeliveryMinutes]]<=Dashboard!$X$5,1,0),0) -> 0 | Y80: =IF(AND(Clean_Data[[#This Row],[OrderDate]]>=Dashboard!$B$5,Clean_Data[[#This Row],[OrderDate]]<=Dashboard!$F$5,OR(Dashboard!$J$5="All",Clean_Data[[#This Row],[Zone]]=Dashboard!$J$5),OR(Dashboard!$P$5="All",Clean_Data[[#This Row],[Category]]=Dashboard!$P$5)),1,0) -> 1 | Z80: =IF(AND(Clean_Data[[#This Row],[Include]]=1,Clean_Data[[#This Row],[DeliveredFlag]]=1),1,0) -> 1 | AA80: =IF(COUNTIF($D$2:D80,D80)=1,ROW()-1,ROWS(Clean_Data[OrderID])+1) -> 79 | AB80: =IF(COUNTIF($F$2:F80,F80)=1,ROW()-1,ROWS(Clean_Data[OrderID])+1) -> 901 | AC80: =IF(COUNTIF($G$2:G80,G80)=1,ROW()-1,ROWS(Clean_Data[OrderID])+1) -> 901 | AD80: =IF(COUNTIF($H$2:H80,H80)=1,ROW()-1,ROWS(Clean_Data[OrderID])+1) -> 901 | AE80: =IF(COUNTIF($V$2:V80,V80)=1,V80,ROWS(Clean_Data[OrderID])+1) -> 901 | AF80: =IF(COUNTIF($U$2:U80,U80)=1,U80,ROWS(Clean_Data[OrderID])+1) -> 901 | AG80: =IF(COUNTIF($E$2:E80,E80)=1,ROW()-1,ROWS(Clean_Data[OrderID])+1) -> 901
A81: G0080 | B81: 46268 | C81: 22 | D81: C186 | E81: Returning | F81: West | G81: Bakery | H81: Bread | I81: 2 | J81: 45 | K81: 0 | L81: Delivered | M81: 17 | N81: 11 | O81: 5 | P81: =Clean_Data[[#This Row],[Quantity]]*Clean_Data[[#This Row],[UnitPrice]] -> 90 | Q81: =ROUND(Clean_Data[[#This Row],[GrossSales]]*Clean_Data[[#This Row],[DiscountPct]],2) -> 0 | R81: =IF(Clean_Data[[#This Row],[Status]]="Delivered",ROUND(Clean_Data[[#This Row],[GrossSales]]-Clean_Data[[#This Row],[DiscountAmount]],2),0) -> 90 | S81: =IF(Clean_Data[[#This Row],[OrderHour]]<6,"Night",IF(Clean_Data[[#This Row],[OrderHour]]<12,"Morning",IF(Clean_Data[[#This Row],[OrderHour]]<18,"Afternoon","Evening"))) -> Evening | T81: =TEXT(Clean_Data[[#This Row],[OrderDate]],"[$-409]ddd") -> Thu | U81: =WEEKDAY(Clean_Data[[#This Row],[OrderDate]],2) -> 4 | V81: =INT(Clean_Data[[#This Row],[OrderHour]]/6)+1 -> 4 | W81: =IF(Clean_Data[[#This Row],[Status]]="Delivered",1,0) -> 1 | X81: =IF(Clean_Data[[#This Row],[Status]]="Delivered",IF(Clean_Data[[#This Row],[DeliveryMinutes]]<=Dashboard!$X$5,1,0),0) -> 1 | Y81: =IF(AND(Clean_Data[[#This Row],[OrderDate]]>=Dashboard!$B$5,Clean_Data[[#This Row],[OrderDate]]<=Dashboard!$F$5,OR(Dashboard!$J$5="All",Clean_Data[[#This Row],[Zone]]=Dashboard!$J$5),OR(Dashboard!$P$5="All",Clean_Data[[#This Row],[Category]]=Dashboard!$P$5)),1,0) -> 1 | Z81: =IF(AND(Clean_Data[[#This Row],[Include]]=1,Clean_Data[[#This Row],[DeliveredFlag]]=1),1,0) -> 1 | AA81: =IF(COUNTIF($D$2:D81,D81)=1,ROW()-1,ROWS(Clean_Data[OrderID])+1) -> 80 | AB81: =IF(COUNTIF($F$2:F81,F81)=1,ROW()-1,ROWS(Clean_Data[OrderID])+1) -> 901 | AC81: =IF(COUNTIF($G$2:G81,G81)=1,ROW()-1,ROWS(Clean_Data[OrderID])+1) -> 901 | AD81: =IF(COUNTIF($H$2:H81,H81)=1,ROW()-1,ROWS(Clean_Data[OrderID])+1) -> 901 | AE81: =IF(COUNTIF($V$2:V81,V81)=1,V81,ROWS(Clean_Data[OrderID])+1) -> 901 | AF81: =IF(COUNTIF($U$2:U81,U81)=1,U81,ROWS(Clean_Data[OrderID])+1) -> 901 | AG81: =IF(COUNTIF($E$2:E81,E81)=1,ROW()-1,ROWS(Clean_Data[OrderID])+1) -> 901
A82: G0081 | B82: 46268 | C82: 18 | D82: C076 | E82: New | F82: South | G82: Dairy | H82: Yogurt | I82: 5 | J82: 90 | K82: 0.05 | L82: Delivered | M82: 16 | N82: 5 | O82: 3 | P82: =Clean_Data[[#This Row],[Quantity]]*Clean_Data[[#This Row],[UnitPrice]] -> 450 | Q82: =ROUND(Clean_Data[[#This Row],[GrossSales]]*Clean_Data[[#This Row],[DiscountPct]],2) -> 22.5 | R82: =IF(Clean_Data[[#This Row],[Status]]="Delivered",ROUND(Clean_Data[[#This Row],[GrossSales]]-Clean_Data[[#This Row],[DiscountAmount]],2),0) -> 427.5 | S82: =IF(Clean_Data[[#This Row],[OrderHour]]<6,"Night",IF(Clean_Data[[#This Row],[OrderHour]]<12,"Morning",IF(Clean_Data[[#This Row],[OrderHour]]<18,"Afternoon","Evening"))) -> Evening | T82: =TEXT(Clean_Data[[#This Row],[OrderDate]],"[$-409]ddd") -> Thu | U82: =WEEKDAY(Clean_Data[[#This Row],[OrderDate]],2) -> 4 | V82: =INT(Clean_Data[[#This Row],[OrderHour]]/6)+1 -> 4 | W82: =IF(Clean_Data[[#This Row],[Status]]="Delivered",1,0) -> 1 | X82: =IF(Clean_Data[[#This Row],[Status]]="Delivered",IF(Clean_Data[[#This Row],[DeliveryMinutes]]<=Dashboard!$X$5,1,0),0) -> 1 | Y82: =IF(AND(Clean_Data[[#This Row],[OrderDate]]>=Dashboard!$B$5,Clean_Data[[#This Row],[OrderDate]]<=Dashboard!$F$5,OR(Dashboard!$J$5="All",Clean_Data[[#This Row],[Zone]]=Dashboard!$J$5),OR(Dashboard!$P$5="All",Clean_Data[[#This Row],[Category]]=Dashboard!$P$5)),1,0) -> 1 | Z82: =IF(AND(Clean_Data[[#This Row],[Include]]=1,Clean_Data[[#This Row],[DeliveredFlag]]=1),1,0) -> 1 | AA82: =IF(COUNTIF($D$2:D82,D82)=1,ROW()-1,ROWS(Clean_Data[OrderID])+1) -> 81 | AB82: =IF(COUNTIF($F$2:F82,F82)=1,ROW()-1,ROWS(Clean_Data[OrderID])+1) -> 901 | AC82: =IF(COUNTIF($G$2:G82,G82)=1,ROW()-1,ROWS(Clean_Data[OrderID])+1) -> 901 | AD82: =IF(COUNTIF($H$2:H82,H82)=1,ROW()-1,ROWS(Clean_Data[OrderID])+1) -> 81 | AE82: =IF(COUNTIF($V$2:V82,V82)=1,V82,ROWS(Clean_Data[OrderID])+1) -> 901 | AF82: =IF(COUNTIF($U$2:U82,U82)=1,U82,ROWS(Clean_Data[OrderID])+1) -> 901 | AG82: =IF(COUNTIF($E$2:E82,E82)=1,ROW()-1,ROWS(Clean_Data[OrderID])+1) -> 901
A83: G0082 | B83: 46268 | C83: 19 | D83: C066 | E83: New | F83: West | G83: Household | H83: Detergent | I83: 3 | J83: 240 | K83: 0 | L83: Cancelled | P83: =Clean_Data[[#This Row],[Quantity]]*Clean_Data[[#This Row],[UnitPrice]] -> 720 | Q83: =ROUND(Clean_Data[[#This Row],[GrossSales]]*Clean_Data[[#This Row],[DiscountPct]],2) -> 0 | R83: =IF(Clean_Data[[#This Row],[Status]]="Delivered",ROUND(Clean_Data[[#This Row],[GrossSales]]-Clean_Data[[#This Row],[DiscountAmount]],2),0) -> 0 | S83: =IF(Clean_Data[[#This Row],[OrderHour]]<6,"Night",IF(Clean_Data[[#This Row],[OrderHour]]<12,"Morning",IF(Clean_Data[[#This Row],[OrderHour]]<18,"Afternoon","Evening"))) -> Evening | T83: =TEXT(Clean_Data[[#This Row],[OrderDate]],"[$-409]ddd") -> Thu | U83: =WEEKDAY(Clean_Data[[#This Row],[OrderDate]],2) -> 4 | V83: =INT(Clean_Data[[#This Row],[OrderHour]]/6)+1 -> 4 | W83: =IF(Clean_Data[[#This Row],[Status]]="Delivered",1,0) -> 0 | X83: =IF(Clean_Data[[#This Row],[Status]]="Delivered",IF(Clean_Data[[#This Row],[DeliveryMinutes]]<=Dashboard!$X$5,1,0),0) -> 0 | Y83: =IF(AND(Clean_Data[[#This Row],[OrderDate]]>=Dashboard!$B$5,Clean_Data[[#This Row],[OrderDate]]<=Dashboard!$F$5,OR(Dashboard!$J$5="All",Clean_Data[[#This Row],[Zone]]=Dashboard!$J$5),OR(Dashboard!$P$5="All",Clean_Data[[#This Row],[Category]]=Dashboard!$P$5)),1,0) -> 1 | Z83: =IF(AND(Clean_Data[[#This Row],[Include]]=1,Clean_Data[[#This Row],[DeliveredFlag]]=1),1,0) -> 0 | AA83: =IF(COUNTIF($D$2:D83,D83)=1,ROW()-1,ROWS(Clean_Data[OrderID])+1) -> 82 | AB83: =IF(COUNTIF($F$2:F83,F83)=1,ROW()-1,ROWS(Clean_Data[OrderID])+1) -> 901 | AC83: =IF(COUNTIF($G$2:G83,G83)=1,ROW()-1,ROWS(Clean_Data[OrderID])+1) -> 901 | AD83: =IF(COUNTIF($H$2:H83,H83)=1,ROW()-1,ROWS(Clean_Data[OrderID])+1) -> 901 | AE83: =IF(COUNTIF($V$2:V83,V83)=1,V83,ROWS(Clean_Data[OrderID])+1) -> 901 | AF83: =IF(COUNTIF($U$2:U83,U83)=1,U83,ROWS(Clean_Data[OrderID])+1) -> 901 | AG83: =IF(COUNTIF($E$2:E83,E83)=1,ROW()-1,ROWS(Clean_Data[OrderID])+1) -> 901
A84: G0083 | B84: 46268 | C84: 18 | D84: C285 | E84: Returning | F84: West | G84: Dairy | H84: Yogurt | I84: 6 | J84: 90 | K84: 0.05 | L84: Delivered | M84: 35 | N84: 6 | O84: 4 | P84: =Clean_Data[[#This Row],[Quantity]]*Clean_Data[[#This Row],[UnitPrice]] -> 540 | Q84: =ROUND(Clean_Data[[#This Row],[GrossSales]]*Clean_Data[[#This Row],[DiscountPct]],2) -> 27 | R84: =IF(Clean_Data[[#This Row],[Status]]="Delivered",ROUND(Clean_Data[[#This Row],[GrossSales]]-Clean_Data[[#This Row],[DiscountAmount]],2),0) -> 513 | S84: =IF(Clean_Data[[#This Row],[OrderHour]]<6,"Night",IF(Clean_Data[[#This Row],[OrderHour]]<12,"Morning",IF(Clean_Data[[#This Row],[OrderHour]]<18,"Afternoon","Evening"))) -> Evening | T84: =TEXT(Clean_Data[[#This Row],[OrderDate]],"[$-409]ddd") -> Thu | U84: =WEEKDAY(Clean_Data[[#This Row],[OrderDate]],2) -> 4 | V84: =INT(Clean_Data[[#This Row],[OrderHour]]/6)+1 -> 4 | W84: =IF(Clean_Data[[#This Row],[Status]]="Delivered",1,0) -> 1 | X84: =IF(Clean_Data[[#This Row],[Status]]="Delivered",IF(Clean_Data[[#This Row],[DeliveryMinutes]]<=Dashboard!$X$5,1,0),0) -> 0 | Y84: =IF(AND(Clean_Data[[#This Row],[OrderDate]]>=Dashboard!$B$5,Clean_Data[[#This Row],[OrderDate]]<=Dashboard!$F$5,OR(Dashboard!$J$5="All",Clean_Data[[#This Row],[Zone]]=Dashboard!$J$5),OR(Dashboard!$P$5="All",Clean_Data[[#This Row],[Category]]=Dashboard!$P$5)),1,0) -> 1 | Z84: =IF(AND(Clean_Data[[#This Row],[Include]]=1,Clean_Data[[#This Row],[DeliveredFlag]]=1),1,0) -> 1 | AA84: =IF(COUNTIF($D$2:D84,D84)=1,ROW()-1,ROWS(Clean_Data[OrderID])+1) -> 901 | AB84: =IF(COUNTIF($F$2:F84,F84)=1,ROW()-1,ROWS(Clean_Data[OrderID])+1) -> 901 | AC84: =IF(COUNTIF($G$2:G84,G84)=1,ROW()-1,ROWS(Clean_Data[OrderID])+1) -> 901 | AD84: =IF(COUNTIF($H$2:H84,H84)=1,ROW()-1,ROWS(Clean_Data[OrderID])+1) -> 901 | AE84: =IF(COUNTIF($V$2:V84,V84)=1,V84,ROWS(Clean_Data[OrderID])+1) -> 901 | AF84: =IF(COUNTIF($U$2:U84,U84)=1,U84,ROWS(Clean_Data[OrderID])+1) -> 901 | AG84: =IF(COUNTIF($E$2:E84,E84)=1,ROW()-1,ROWS(Clean_Data[OrderID])+1) -> 901
A85: G0084 | B85: 46268 | C85: 22 | D85: C131 | E85: Returning | F85: Central | G85: Snacks | H85: Chips | I85: 6 | J85: 40 | K85: 0.1 | L85: Delivered | M85: 18 | N85: 9 | O85: 5 | P85: =Clean_Data[[#This Row],[Quantity]]*Clean_Data[[#This Row],[UnitPrice]] -> 240 | Q85: =ROUND(Clean_Data[[#This Row],[GrossSales]]*Clean_Data[[#This Row],[DiscountPct]],2) -> 24 | R85: =IF(Clean_Data[[#This Row],[Status]]="Delivered",ROUND(Clean_Data[[#This Row],[GrossSales]]-Clean_Data[[#This Row],[DiscountAmount]],2),0) -> 216 | S85: =IF(Clean_Data[[#This Row],[OrderHour]]<6,"Night",IF(Clean_Data[[#This Row],[OrderHour]]<12,"Morning",IF(Clean_Data[[#This Row],[OrderHour]]<18,"Afternoon","Evening"))) -> Evening | T85: =TEXT(Clean_Data[[#This Row],[OrderDate]],"[$-409]ddd") -> Thu | U85: =WEEKDAY(Clean_Data[[#This Row],[OrderDate]],2) -> 4 | V85: =INT(Clean_Data[[#This Row],[OrderHour]]/6)+1 -> 4 | W85: =IF(Clean_Data[[#This Row],[Status]]="Delivered",1,0) -> 1 | X85: =IF(Clean_Data[[#This Row],[Status]]="Delivered",IF(Clean_Data[[#This Row],[DeliveryMinutes]]<=Dashboard!$X$5,1,0),0) -> 1 | Y85: =IF(AND(Clean_Data[[#This Row],[OrderDate]]>=Dashboard!$B$5,Clean_Data[[#This Row],[OrderDate]]<=Dashboard!$F$5,OR(Dashboard!$J$5="All",Clean_Data[[#This Row],[Zone]]=Dashboard!$J$5),OR(Dashboard!$P$5="All",Clean_Data[[#This Row],[Category]]=Dashboard!$P$5)),1,0) -> 1 | Z85: =IF(AND(Clean_Data[[#This Row],[Include]]=1,Clean_Data[[#This Row],[DeliveredFlag]]=1),1,0) -> 1 | AA85: =IF(COUNTIF($D$2:D85,D85)=1,ROW()-1,ROWS(Clean_Data[OrderID])+1) -> 84 | AB85: =IF(COUNTIF($F$2:F85,F85)=1,ROW()-1,ROWS(Clean_Data[OrderID])+1) -> 901 | AC85: =IF(COUNTIF($G$2:G85,G85)=1,ROW()-1,ROWS(Clean_Data[OrderID])+1) -> 901 | AD85: =IF(COUNTIF($H$2:H85,H85)=1,ROW()-1,ROWS(Clean_Data[OrderID])+1) -> 901 | AE85: =IF(COUNTIF($V$2:V85,V85)=1,V85,ROWS(Clean_Data[OrderID])+1) -> 901 | AF85: =IF(COUNTIF($U$2:U85,U85)=1,U85,ROWS(Clean_Data[OrderID])+1) -> 901 | AG85: =IF(COUNTIF($E$2:E85,E85)=1,ROW()-1,ROWS(Clean_Data[OrderID])+1) -> 901
A86: G0085 | B86: 46268 | C86: 6 | D86: C164 | E86: Returning | F86: East | G86: Produce | H86: Tomatoes | I86: 3 | J86: 45 | K86: 0.1 | L86: Delivered | M86: 30 | N86: 9 | O86: 4 | P86: =Clean_Data[[#This Row],[Quantity]]*Clean_Data[[#This Row],[UnitPrice]] -> 135 | Q86: =ROUND(Clean_Data[[#This Row],[GrossSales]]*Clean_Data[[#This Row],[DiscountPct]],2) -> 13.5 | R86: =IF(Clean_Data[[#This Row],[Status]]="Delivered",ROUND(Clean_Data[[#This Row],[GrossSales]]-Clean_Data[[#This Row],[DiscountAmount]],2),0) -> 121.5 | S86: =IF(Clean_Data[[#This Row],[OrderHour]]<6,"Night",IF(Clean_Data[[#This Row],[OrderHour]]<12,"Morning",IF(Clean_Data[[#This Row],[OrderHour]]<18,"Afternoon","Evening"))) -> Morning | T86: =TEXT(Clean_Data[[#This Row],[OrderDate]],"[$-409]ddd") -> Thu | U86: =WEEKDAY(Clean_Data[[#This Row],[OrderDate]],2) -> 4 | V86: =INT(Clean_Data[[#This Row],[OrderHour]]/6)+1 -> 2 | W86: =IF(Clean_Data[[#This Row],[Status]]="Delivered",1,0) -> 1 | X86: =IF(Clean_Data[[#This Row],[Status]]="Delivered",IF(Clean_Data[[#This Row],[DeliveryMinutes]]<=Dashboard!$X$5,1,0),0) -> 1 | Y86: =IF(AND(Clean_Data[[#This Row],[OrderDate]]>=Dashboard!$B$5,Clean_Data[[#This Row],[OrderDate]]<=Dashboard!$F$5,OR(Dashboard!$J$5="All",Clean_Data[[#This Row],[Zone]]=Dashboard!$J$5),OR(Dashboard!$P$5="All",Clean_Data[[#This Row],[Category]]=Dashboard!$P$5)),1,0) -> 1 | Z86: =IF(AND(Clean_Data[[#This Row],[Include]]=1,Clean_Data[[#This Row],[DeliveredFlag]]=1),1,0) -> 1 | AA86: =IF(COUNTIF($D$2:D86,D86)=1,ROW()-1,ROWS(Clean_Data[OrderID])+1) -> 85 | AB86: =IF(COUNTIF($F$2:F86,F86)=1,ROW()-1,ROWS(Clean_Data[OrderID])+1) -> 901 | AC86: =IF(COUNTIF($G$2:G86,G86)=1,ROW()-1,ROWS(Clean_Data[OrderID])+1) -> 901 | AD86: =IF(COUNTIF($H$2:H86,H86)=1,ROW()-1,ROWS(Clean_Data[OrderID])+1) -> 901 | AE86: =IF(COUNTIF($V$2:V86,V86)=1,V86,ROWS(Clean_Data[OrderID])+1) -> 901 | AF86: =IF(COUNTIF($U$2:U86,U86)=1,U86,ROWS(Clean_Data[OrderID])+1) -> 901 | AG86: =IF(COUNTIF($E$2:E86,E86)=1,ROW()-1,ROWS(Clean_Data[OrderID])+1) -> 901
A87: G0086 | B87: 46268 | C87: 11 | D87: C180 | E87: Returning | F87: North | G87: Snacks | H87: Popcorn | I87: 1 | J87: 65 | K87: 0.1 | L87: Delivered | M87: 14 | N87: 11 | O87: 5 | P87: =Clean_Data[[#This Row],[Quantity]]*Clean_Data[[#This Row],[UnitPrice]] -> 65 | Q87: =ROUND(Clean_Data[[#This Row],[GrossSales]]*Clean_Data[[#This Row],[DiscountPct]],2) -> 6.5 | R87: =IF(Clean_Data[[#This Row],[Status]]="Delivered",ROUND(Clean_Data[[#This Row],[GrossSales]]-Clean_Data[[#This Row],[DiscountAmount]],2),0) -> 58.5 | S87: =IF(Clean_Data[[#This Row],[OrderHour]]<6,"Night",IF(Clean_Data[[#This Row],[OrderHour]]<12,"Morning",IF(Clean_Data[[#This Row],[OrderHour]]<18,"Afternoon","Evening"))) -> Morning | T87: =TEXT(Clean_Data[[#This Row],[OrderDate]],"[$-409]ddd") -> Thu | U87: =WEEKDAY(Clean_Data[[#This Row],[OrderDate]],2) -> 4 | V87: =INT(Clean_Data[[#This Row],[OrderHour]]/6)+1 -> 2 | W87: =IF(Clean_Data[[#This Row],[Status]]="Delivered",1,0) -> 1 | X87: =IF(Clean_Data[[#This Row],[Status]]="Delivered",IF(Clean_Data[[#This Row],[DeliveryMinutes]]<=Dashboard!$X$5,1,0),0) -> 1 | Y87: =IF(AND(Clean_Data[[#This Row],[OrderDate]]>=Dashboard!$B$5,Clean_Data[[#This Row],[OrderDate]]<=Dashboard!$F$5,OR(Dashboard!$J$5="All",Clean_Data[[#This Row],[Zone]]=Dashboard!$J$5),OR(Dashboard!$P$5="All",Clean_Data[[#This Row],[Category]]=Dashboard!$P$5)),1,0) -> 1 | Z87: =IF(AND(Clean_Data[[#This Row],[Include]]=1,Clean_Data[[#This Row],[DeliveredFlag]]=1),1,0) -> 1 | AA87: =IF(COUNTIF($D$2:D87,D87)=1,ROW()-1,ROWS(Clean_Data[OrderID])+1) -> 86 | AB87: =IF(COUNTIF($F$2:F87,F87)=1,ROW()-1,ROWS(Clean_Data[OrderID])+1) -> 901 | AC87: =IF(COUNTIF($G$2:G87,G87)=1,ROW()-1,ROWS(Clean_Data[OrderID])+1) -> 901 | AD87: =IF(COUNTIF($H$2:H87,H87)=1,ROW()-1,ROWS(Clean_Data[OrderID])+1) -> 901 | AE87: =IF(COUNTIF($V$2:V87,V87)=1,V87,ROWS(Clean_Data[OrderID])+1) -> 901 | AF87: =IF(COUNTIF($U$2:U87,U87)=1,U87,ROWS(Clean_Data[OrderID])+1) -> 901 | AG87: =IF(COUNTIF($E$2:E87,E87)=1,ROW()-1,ROWS(Clean_Data[OrderID])+1) -> 901
A88: G0087 | B88: 46268 | C88: 17 | D88: C116 | E88: Returning | F88: West | G88: Household | H88: Dish soap | I88: 5 | J88: 120 | K88: 0.05 | L88: Delivered | M88: 31 | N88: 8 | O88: 5 | P88: =Clean_Data[[#This Row],[Quantity]]*Clean_Data[[#This Row],[UnitPrice]] -> 600 | Q88: =ROUND(Clean_Data[[#This Row],[GrossSales]]*Clean_Data[[#This Row],[DiscountPct]],2) -> 30 | R88: =IF(Clean_Data[[#This Row],[Status]]="Delivered",ROUND(Clean_Data[[#This Row],[GrossSales]]-Clean_Data[[#This Row],[DiscountAmount]],2),0) -> 570 | S88: =IF(Clean_Data[[#This Row],[OrderHour]]<6,"Night",IF(Clean_Data[[#This Row],[OrderHour]]<12,"Morning",IF(Clean_Data[[#This Row],[OrderHour]]<18,"Afternoon","Evening"))) -> Afternoon | T88: =TEXT(Clean_Data[[#This Row],[OrderDate]],"[$-409]ddd") -> Thu | U88: =WEEKDAY(Clean_Data[[#This Row],[OrderDate]],2) -> 4 | V88: =INT(Clean_Data[[#This Row],[OrderHour]]/6)+1 -> 3 | W88: =IF(Clean_Data[[#This Row],[Status]]="Delivered",1,0) -> 1 | X88: =IF(Clean_Data[[#This Row],[Status]]="Delivered",IF(Clean_Data[[#This Row],[DeliveryMinutes]]<=Dashboard!$X$5,1,0),0) -> 0 | Y88: =IF(AND(Clean_Data[[#This Row],[OrderDate]]>=Dashboard!$B$5,Clean_Data[[#This Row],[OrderDate]]<=Dashboard!$F$5,OR(Dashboard!$J$5="All",Clean_Data[[#This Row],[Zone]]=Dashboard!$J$5),OR(Dashboard!$P$5="All",Clean_Data[[#This Row],[Category]]=Dashboard!$P$5)),1,0) -> 1 | Z88: =IF(AND(Clean_Data[[#This Row],[Include]]=1,Clean_Data[[#This Row],[DeliveredFlag]]=1),1,0) -> 1 | AA88: =IF(COUNTIF($D$2:D88,D88)=1,ROW()-1,ROWS(Clean_Data[OrderID])+1) -> 87 | AB88: =IF(COUNTIF($F$2:F88,F88)=1,ROW()-1,ROWS(Clean_Data[OrderID])+1) -> 901 | AC88: =IF(COUNTIF($G$2:G88,G88)=1,ROW()-1,ROWS(Clean_Data[OrderID])+1) -> 901 | AD88: =IF(COUNTIF($H$2:H88,H88)=1,ROW()-1,ROWS(Clean_Data[OrderID])+1) -> 901 | AE88: =IF(COUNTIF($V$2:V88,V88)=1,V88,ROWS(Clean_Data[OrderID])+1) -> 901 | AF88: =IF(COUNTIF($U$2:U88,U88)=1,U88,ROWS(Clean_Data[OrderID])+1) -> 901 | AG88: =IF(COUNTIF($E$2:E88,E88)=1,ROW()-1,ROWS(Clean_Data[OrderID])+1) -> 901
A89: G0088 | B89: 46268 | C89: 7 | D89: C269 | E89: Returning | F89: West | G89: Snacks | H89: Popcorn | I89: 6 | J89: 65 | K89: 0.15 | L89: Delivered | M89: 15 | N89: 6 | O89: 5 | P89: =Clean_Data[[#This Row],[Quantity]]*Clean_Data[[#This Row],[UnitPrice]] -> 390 | Q89: =ROUND(Clean_Data[[#This Row],[GrossSales]]*Clean_Data[[#This Row],[DiscountPct]],2) -> 58.5 | R89: =IF(Clean_Data[[#This Row],[Status]]="Delivered",ROUND(Clean_Data[[#This Row],[GrossSales]]-Clean_Data[[#This Row],[DiscountAmount]],2),0) -> 331.5 | S89: =IF(Clean_Data[[#This Row],[OrderHour]]<6,"Night",IF(Clean_Data[[#This Row],[OrderHour]]<12,"Morning",IF(Clean_Data[[#This Row],[OrderHour]]<18,"Afternoon","Evening"))) -> Morning | T89: =TEXT(Clean_Data[[#This Row],[OrderDate]],"[$-409]ddd") -> Thu | U89: =WEEKDAY(Clean_Data[[#This Row],[OrderDate]],2) -> 4 | V89: =INT(Clean_Data[[#This Row],[OrderHour]]/6)+1 -> 2 | W89: =IF(Clean_Data[[#This Row],[Status]]="Delivered",1,0) -> 1 | X89: =IF(Clean_Data[[#This Row],[Status]]="Delivered",IF(Clean_Data[[#This Row],[DeliveryMinutes]]<=Dashboard!$X$5,1,0),0) -> 1 | Y89: =IF(AND(Clean_Data[[#This Row],[OrderDate]]>=Dashboard!$B$5,Clean_Data[[#This Row],[OrderDate]]<=Dashboard!$F$5,OR(Dashboard!$J$5="All",Clean_Data[[#This Row],[Zone]]=Dashboard!$J$5),OR(Dashboard!$P$5="All",Clean_Data[[#This Row],[Category]]=Dashboard!$P$5)),1,0) -> 1 | Z89: =IF(AND(Clean_Data[[#This Row],[Include]]=1,Clean_Data[[#This Row],[DeliveredFlag]]=1),1,0) -> 1 | AA89: =IF(COUNTIF($D$2:D89,D89)=1,ROW()-1,ROWS(Clean_Data[OrderID])+1) -> 88 | AB89: =IF(COUNTIF($F$2:F89,F89)=1,ROW()-1,ROWS(Clean_Data[OrderID])+1) -> 901 | AC89: =IF(COUNTIF($G$2:G89,G89)=1,ROW()-1,ROWS(Clean_Data[OrderID])+1) -> 901 | AD89: =IF(COUNTIF($H$2:H89,H89)=1,ROW()-1,ROWS(Clean_Data[OrderID])+1) -> 901 | AE89: =IF(COUNTIF($V$2:V89,V89)=1,V89,ROWS(Clean_Data[OrderID])+1) -> 901 | AF89: =IF(COUNTIF($U$2:U89,U89)=1,U89,ROWS(Clean_Data[OrderID])+1) -> 901 | AG89: =IF(COUNTIF($E$2:E89,E89)=1,ROW()-1,ROWS(Clean_Data[OrderID])+1) -> 901
A90: G0089 | B90: 46268 | C90: 18 | D90: C059 | E90: New | F90: North | G90: Snacks | H90: Nuts | I90: 5 | J90: 180 | K90: 0.05 | L90: Delivered | M90: 21 | N90: 10 | O90: 4 | P90: =Clean_Data[[#This Row],[Quantity]]*Clean_Data[[#This Row],[UnitPrice]] -> 900 | Q90: =ROUND(Clean_Data[[#This Row],[GrossSales]]*Clean_Data[[#This Row],[DiscountPct]],2) -> 45 | R90: =IF(Clean_Data[[#This Row],[Status]]="Delivered",ROUND(Clean_Data[[#This Row],[GrossSales]]-Clean_Data[[#This Row],[DiscountAmount]],2),0) -> 855 | S90: =IF(Clean_Data[[#This Row],[OrderHour]]<6,"Night",IF(Clean_Data[[#This Row],[OrderHour]]<12,"Morning",IF(Clean_Data[[#This Row],[OrderHour]]<18,"Afternoon","Evening"))) -> Evening | T90: =TEXT(Clean_Data[[#This Row],[OrderDate]],"[$-409]ddd") -> Thu | U90: =WEEKDAY(Clean_Data[[#This Row],[OrderDate]],2) -> 4 | V90: =INT(Clean_Data[[#This Row],[OrderHour]]/6)+1 -> 4 | W90: =IF(Clean_Data[[#This Row],[Status]]="Delivered",1,0) -> 1 | X90: =IF(Clean_Data[[#This Row],[Status]]="Delivered",IF(Clean_Data[[#This Row],[DeliveryMinutes]]<=Dashboard!$X$5,1,0),0) -> 1 | Y90: =IF(AND(Clean_Data[[#This Row],[OrderDate]]>=Dashboard!$B$5,Clean_Data[[#This Row],[OrderDate]]<=Dashboard!$F$5,OR(Dashboard!$J$5="All",Clean_Data[[#This Row],[Zone]]=Dashboard!$J$5),OR(Dashboard!$P$5="All",Clean_Data[[#This Row],[Category]]=Dashboard!$P$5)),1,0) -> 1 | Z90: =IF(AND(Clean_Data[[#This Row],[Include]]=1,Clean_Data[[#This Row],[DeliveredFlag]]=1),1,0) -> 1 | AA90: =IF(COUNTIF($D$2:D90,D90)=1,ROW()-1,ROWS(Clean_Data[OrderID])+1) -> 89 | AB90: =IF(COUNTIF($F$2:F90,F90)=1,ROW()-1,ROWS(Clean_Data[OrderID])+1) -> 901 | AC90: =IF(COUNTIF($G$2:G90,G90)=1,ROW()-1,ROWS(Clean_Data[OrderID])+1) -> 901 | AD90: =IF(COUNTIF($H$2:H90,H90)=1,ROW()-1,ROWS(Clean_Data[OrderID])+1) -> 901 | AE90: =IF(COUNTIF($V$2:V90,V90)=1,V90,ROWS(Clean_Data[OrderID])+1) -> 901 | AF90: =IF(COUNTIF($U$2:U90,U90)=1,U90,ROWS(Clean_Data[OrderID])+1) -> 901 | AG90: =IF(COUNTIF($E$2:E90,E90)=1,ROW()-1,ROWS(Clean_Data[OrderID])+1) -> 901
A91: G0090 | B91: 46268 | C91: 20 | D91: C252 | E91: Returning | F91: Central | G91: Beverages | H91: Tea | I91: 6 | J91: 145 | K91: 0 | L91: Delivered | M91: 23 | N91: 14 | O91: 4 | P91: =Clean_Data[[#This Row],[Quantity]]*Clean_Data[[#This Row],[UnitPrice]] -> 870 | Q91: =ROUND(Clean_Data[[#This Row],[GrossSales]]*Clean_Data[[#This Row],[DiscountPct]],2) -> 0 | R91: =IF(Clean_Data[[#This Row],[Status]]="Delivered",ROUND(Clean_Data[[#This Row],[GrossSales]]-Clean_Data[[#This Row],[DiscountAmount]],2),0) -> 870 | S91: =IF(Clean_Data[[#This Row],[OrderHour]]<6,"Night",IF(Clean_Data[[#This Row],[OrderHour]]<12,"Morning",IF(Clean_Data[[#This Row],[OrderHour]]<18,"Afternoon","Evening"))) -> Evening | T91: =TEXT(Clean_Data[[#This Row],[OrderDate]],"[$-409]ddd") -> Thu | U91: =WEEKDAY(Clean_Data[[#This Row],[OrderDate]],2) -> 4 | V91: =INT(Clean_Data[[#This Row],[OrderHour]]/6)+1 -> 4 | W91: =IF(Clean_Data[[#This Row],[Status]]="Delivered",1,0) -> 1 | X91: =IF(Clean_Data[[#This Row],[Status]]="Delivered",IF(Clean_Data[[#This Row],[DeliveryMinutes]]<=Dashboard!$X$5,1,0),0) -> 1 | Y91: =IF(AND(Clean_Data[[#This Row],[OrderDate]]>=Dashboard!$B$5,Clean_Data[[#This Row],[OrderDate]]<=Dashboard!$F$5,OR(Dashboard!$J$5="All",Clean_Data[[#This Row],[Zone]]=Dashboard!$J$5),OR(Dashboard!$P$5="All",Clean_Data[[#This Row],[Category]]=Dashboard!$P$5)),1,0) -> 1 | Z91: =IF(AND(Clean_Data[[#This Row],[Include]]=1,Clean_Data[[#This Row],[DeliveredFlag]]=1),1,0) -> 1 | AA91: =IF(COUNTIF($D$2:D91,D91)=1,ROW()-1,ROWS(Clean_Data[OrderID])+1) -> 90 | AB91: =IF(COUNTIF($F$2:F91,F91)=1,ROW()-1,ROWS(Clean_Data[OrderID])+1) -> 901 | AC91: =IF(COUNTIF($G$2:G91,G91)=1,ROW()-1,ROWS(Clean_Data[OrderID])+1) -> 901 | AD91: =IF(COUNTIF($H$2:H91,H91)=1,ROW()-1,ROWS(Clean_Data[OrderID])+1) -> 901 | AE91: =IF(COUNTIF($V$2:V91,V91)=1,V91,ROWS(Clean_Data[OrderID])+1) -> 901 | AF91: =IF(COUNTIF($U$2:U91,U91)=1,U91,ROWS(Clean_Data[OrderID])+1) -> 901 | AG91: =IF(COUNTIF($E$2:E91,E91)=1,ROW()-1,ROWS(Clean_Data[OrderID])+1) -> 901
A92: G0091 | B92: 46269 | C92: 7 | D92: C264 | E92: Returning | F92: Central | G92: Household | H92: Detergent | I92: 6 | J92: 240 | K92: 0.05 | L92: Delivered | M92: 18 | N92: 10 | O92: 4 | P92: =Clean_Data[[#This Row],[Quantity]]*Clean_Data[[#This Row],[UnitPrice]] -> 1440 | Q92: =ROUND(Clean_Data[[#This Row],[GrossSales]]*Clean_Data[[#This Row],[DiscountPct]],2) -> 72 | R92: =IF(Clean_Data[[#This Row],[Status]]="Delivered",ROUND(Clean_Data[[#This Row],[GrossSales]]-Clean_Data[[#This Row],[DiscountAmount]],2),0) -> 1368 | S92: =IF(Clean_Data[[#This Row],[OrderHour]]<6,"Night",IF(Clean_Data[[#This Row],[OrderHour]]<12,"Morning",IF(Clean_Data[[#This Row],[OrderHour]]<18,"Afternoon","Evening"))) -> Morning | T92: =TEXT(Clean_Data[[#This Row],[OrderDate]],"[$-409]ddd") -> Fri | U92: =WEEKDAY(Clean_Data[[#This Row],[OrderDate]],2) -> 5 | V92: =INT(Clean_Data[[#This Row],[OrderHour]]/6)+1 -> 2 | W92: =IF(Clean_Data[[#This Row],[Status]]="Delivered",1,0) -> 1 | X92: =IF(Clean_Data[[#This Row],[Status]]="Delivered",IF(Clean_Data[[#This Row],[DeliveryMinutes]]<=Dashboard!$X$5,1,0),0) -> 1 | Y92: =IF(AND(Clean_Data[[#This Row],[OrderDate]]>=Dashboard!$B$5,Clean_Data[[#This Row],[OrderDate]]<=Dashboard!$F$5,OR(Dashboard!$J$5="All",Clean_Data[[#This Row],[Zone]]=Dashboard!$J$5),OR(Dashboard!$P$5="All",Clean_Data[[#This Row],[Category]]=Dashboard!$P$5)),1,0) -> 1 | Z92: =IF(AND(Clean_Data[[#This Row],[Include]]=1,Clean_Data[[#This Row],[DeliveredFlag]]=1),1,0) -> 1 | AA92: =IF(COUNTIF($D$2:D92,D92)=1,ROW()-1,ROWS(Clean_Data[OrderID])+1) -> 91 | AB92: =IF(COUNTIF($F$2:F92,F92)=1,ROW()-1,ROWS(Clean_Data[OrderID])+1) -> 901 | AC92: =IF(COUNTIF($G$2:G92,G92)=1,ROW()-1,ROWS(Clean_Data[OrderID])+1) -> 901 | AD92: =IF(COUNTIF($H$2:H92,H92)=1,ROW()-1,ROWS(Clean_Data[OrderID])+1) -> 901 | AE92: =IF(COUNTIF($V$2:V92,V92)=1,V92,ROWS(Clean_Data[OrderID])+1) -> 901 | AF92: =IF(COUNTIF($U$2:U92,U92)=1,U92,ROWS(Clean_Data[OrderID])+1) -> 5 | AG92: =IF(COUNTIF($E$2:E92,E92)=1,ROW()-1,ROWS(Clean_Data[OrderID])+1) -> 901
A93: G0092 | B93: 46269 | C93: 18 | D93: C005 | E93: New | F93: East | G93: Produce | H93: Bananas | I93: 3 | J93: 55 | K93: 0 | L93: Delivered | M93: 31 | N93: 11 | O93: 3 | P93: =Clean_Data[[#This Row],[Quantity]]*Clean_Data[[#This Row],[UnitPrice]] -> 165 | Q93: =ROUND(Clean_Data[[#This Row],[GrossSales]]*Clean_Data[[#This Row],[DiscountPct]],2) -> 0 | R93: =IF(Clean_Data[[#This Row],[Status]]="Delivered",ROUND(Clean_Data[[#This Row],[GrossSales]]-Clean_Data[[#This Row],[DiscountAmount]],2),0) -> 165 | S93: =IF(Clean_Data[[#This Row],[OrderHour]]<6,"Night",IF(Clean_Data[[#This Row],[OrderHour]]<12,"Morning",IF(Clean_Data[[#This Row],[OrderHour]]<18,"Afternoon","Evening"))) -> Evening | T93: =TEXT(Clean_Data[[#This Row],[OrderDate]],"[$-409]ddd") -> Fri | U93: =WEEKDAY(Clean_Data[[#This Row],[OrderDate]],2) -> 5 | V93: =INT(Clean_Data[[#This Row],[OrderHour]]/6)+1 -> 4 | W93: =IF(Clean_Data[[#This Row],[Status]]="Delivered",1,0) -> 1 | X93: =IF(Clean_Data[[#This Row],[Status]]="Delivered",IF(Clean_Data[[#This Row],[DeliveryMinutes]]<=Dashboard!$X$5,1,0),0) -> 0 | Y93: =IF(AND(Clean_Data[[#This Row],[OrderDate]]>=Dashboard!$B$5,Clean_Data[[#This Row],[OrderDate]]<=Dashboard!$F$5,OR(Dashboard!$J$5="All",Clean_Data[[#This Row],[Zone]]=Dashboard!$J$5),OR(Dashboard!$P$5="All",Clean_Data[[#This Row],[Category]]=Dashboard!$P$5)),1,0) -> 1 | Z93: =IF(AND(Clean_Data[[#This Row],[Include]]=1,Clean_Data[[#This Row],[DeliveredFlag]]=1),1,0) -> 1 | AA93: =IF(COUNTIF($D$2:D93,D93)=1,ROW()-1,ROWS(Clean_Data[OrderID])+1) -> 92 | AB93: =IF(COUNTIF($F$2:F93,F93)=1,ROW()-1,ROWS(Clean_Data[OrderID])+1) -> 901 | AC93: =IF(COUNTIF($G$2:G93,G93)=1,ROW()-1,ROWS(Clean_Data[OrderID])+1) -> 901 | AD93: =IF(COUNTIF($H$2:H93,H93)=1,ROW()-1,ROWS(Clean_Data[OrderID])+1) -> 901 | AE93: =IF(COUNTIF($V$2:V93,V93)=1,V93,ROWS(Clean_Data[OrderID])+1) -> 901 | AF93: =IF(COUNTIF($U$2:U93,U93)=1,U93,ROWS(Clean_Data[OrderID])+1) -> 901 | AG93: =IF(COUNTIF($E$2:E93,E93)=1,ROW()-1,ROWS(Clean_Data[OrderID])+1) -> 901
A94: G0093 | B94: 46269 | C94: 22 | D94: C197 | E94: Returning | F94: Central | G94: Snacks | H94: Nuts | I94: 2 | J94: 180 | K94: 0 | L94: Delivered | M94: 17 | N94: 5 | O94: 5 | P94: =Clean_Data[[#This Row],[Quantity]]*Clean_Data[[#This Row],[UnitPrice]] -> 360 | Q94: =ROUND(Clean_Data[[#This Row],[GrossSales]]*Clean_Data[[#This Row],[DiscountPct]],2) -> 0 | R94: =IF(Clean_Data[[#This Row],[Status]]="Delivered",ROUND(Clean_Data[[#This Row],[GrossSales]]-Clean_Data[[#This Row],[DiscountAmount]],2),0) -> 360 | S94: =IF(Clean_Data[[#This Row],[OrderHour]]<6,"Night",IF(Clean_Data[[#This Row],[OrderHour]]<12,"Morning",IF(Clean_Data[[#This Row],[OrderHour]]<18,"Afternoon","Evening"))) -> Evening | T94: =TEXT(Clean_Data[[#This Row],[OrderDate]],"[$-409]ddd") -> Fri | U94: =WEEKDAY(Clean_Data[[#This Row],[OrderDate]],2) -> 5 | V94: =INT(Clean_Data[[#This Row],[OrderHour]]/6)+1 -> 4 | W94: =IF(Clean_Data[[#This Row],[Status]]="Delivered",1,0) -> 1 | X94: =IF(Clean_Data[[#This Row],[Status]]="Delivered",IF(Clean_Data[[#This Row],[DeliveryMinutes]]<=Dashboard!$X$5,1,0),0) -> 1 | Y94: =IF(AND(Clean_Data[[#This Row],[OrderDate]]>=Dashboard!$B$5,Clean_Data[[#This Row],[OrderDate]]<=Dashboard!$F$5,OR(Dashboard!$J$5="All",Clean_Data[[#This Row],[Zone]]=Dashboard!$J$5),OR(Dashboard!$P$5="All",Clean_Data[[#This Row],[Category]]=Dashboard!$P$5)),1,0) -> 1 | Z94: =IF(AND(Clean_Data[[#This Row],[Include]]=1,Clean_Data[[#This Row],[DeliveredFlag]]=1),1,0) -> 1 | AA94: =IF(COUNTIF($D$2:D94,D94)=1,ROW()-1,ROWS(Clean_Data[OrderID])+1) -> 93 | AB94: =IF(COUNTIF($F$2:F94,F94)=1,ROW()-1,ROWS(Clean_Data[OrderID])+1) -> 901 | AC94: =IF(COUNTIF($G$2:G94,G94)=1,ROW()-1,ROWS(Clean_Data[OrderID])+1) -> 901 | AD94: =IF(COUNTIF($H$2:H94,H94)=1,ROW()-1,ROWS(Clean_Data[OrderID])+1) -> 901 | AE94: =IF(COUNTIF($V$2:V94,V94)=1,V94,ROWS(Clean_Data[OrderID])+1) -> 901 | AF94: =IF(COUNTIF($U$2:U94,U94)=1,U94,ROWS(Clean_Data[OrderID])+1) -> 901 | AG94: =IF(COUNTIF($E$2:E94,E94)=1,ROW()-1,ROWS(Clean_Data[OrderID])+1) -> 901
A95: G0094 | B95: 46269 | C95: 6 | D95: C272 | E95: Returning | F95: South | G95: Produce | H95: Bananas | I95: 4 | J95: 55 | K95: 0 | L95: Delivered | M95: 23 | N95: 11 | O95: 5 | P95: =Clean_Data[[#This Row],[Quantity]]*Clean_Data[[#This Row],[UnitPrice]] -> 220 | Q95: =ROUND(Clean_Data[[#This Row],[GrossSales]]*Clean_Data[[#This Row],[DiscountPct]],2) -> 0 | R95: =IF(Clean_Data[[#This Row],[Status]]="Delivered",ROUND(Clean_Data[[#This Row],[GrossSales]]-Clean_Data[[#This Row],[DiscountAmount]],2),0) -> 220 | S95: =IF(Clean_Data[[#This Row],[OrderHour]]<6,"Night",IF(Clean_Data[[#This Row],[OrderHour]]<12,"Morning",IF(Clean_Data[[#This Row],[OrderHour]]<18,"Afternoon","Evening"))) -> Morning | T95: =TEXT(Clean_Data[[#This Row],[OrderDate]],"[$-409]ddd") -> Fri | U95: =WEEKDAY(Clean_Data[[#This Row],[OrderDate]],2) -> 5 | V95: =INT(Clean_Data[[#This Row],[OrderHour]]/6)+1 -> 2 | W95: =IF(Clean_Data[[#This Row],[Status]]="Delivered",1,0) -> 1 | X95: =IF(Clean_Data[[#This Row],[Status]]="Delivered",IF(Clean_Data[[#This Row],[DeliveryMinutes]]<=Dashboard!$X$5,1,0),0) -> 1 | Y95: =IF(AND(Clean_Data[[#This Row],[OrderDate]]>=Dashboard!$B$5,Clean_Data[[#This Row],[OrderDate]]<=Dashboard!$F$5,OR(Dashboard!$J$5="All",Clean_Data[[#This Row],[Zone]]=Dashboard!$J$5),OR(Dashboard!$P$5="All",Clean_Data[[#This Row],[Category]]=Dashboard!$P$5)),1,0) -> 1 | Z95: =IF(AND(Clean_Data[[#This Row],[Include]]=1,Clean_Data[[#This Row],[DeliveredFlag]]=1),1,0) -> 1 | AA95: =IF(COUNTIF($D$2:D95,D95)=1,ROW()-1,ROWS(Clean_Data[OrderID])+1) -> 94 | AB95: =IF(COUNTIF($F$2:F95,F95)=1,ROW()-1,ROWS(Clean_Data[OrderID])+1) -> 901 | AC95: =IF(COUNTIF($G$2:G95,G95)=1,ROW()-1,ROWS(Clean_Data[OrderID])+1) -> 901 | AD95: =IF(COUNTIF($H$2:H95,H95)=1,ROW()-1,ROWS(Clean_Data[OrderID])+1) -> 901 | AE95: =IF(COUNTIF($V$2:V95,V95)=1,V95,ROWS(Clean_Data[OrderID])+1) -> 901 | AF95: =IF(COUNTIF($U$2:U95,U95)=1,U95,ROWS(Clean_Data[OrderID])+1) -> 901 | AG95: =IF(COUNTIF($E$2:E95,E95)=1,ROW()-1,ROWS(Clean_Data[OrderID])+1) -> 901
... A143: G0142 | B143: 46270 | C143: 20 | D143: C002 | E143: New | F143: West | G143: Dairy | H143: Milk | I143: 4 | J143: 62 | K143: 0.05 | L143: Delivered | M143: 25 | N143: 10 | O143: 4 | P143: =Clean_Data[[#This Row],[Quantity]]*Clean_Data[[#This Row],[UnitPrice]] -> 248 | Q143: =ROUND(Clean_Data[[#This Row],[GrossSales]]*Clean_Data[[#This Row],[DiscountPct]],2) -> 12.4 | R143: =IF(Clean_Data[[#This Row],[Status]]="Delivered",ROUND(Clean_Data[[#This Row],[GrossSales]]-Clean_Data[[#This Row],[DiscountAmount]],2),0) -> 235.6 | S143: =IF(Clean_Data[[#This Row],[OrderHour]]<6,"Night",IF(Clean_Data[[#This Row],[OrderHour]]<12,"Morning",IF(Clean_Data[[#This Row],[OrderHour]]<18,"Afternoon","Evening"))) -> Evening | T143: =TEXT(Clean_Data[[#This Row],[OrderDate]],"[$-409]ddd") -> Sat | U143: =WEEKDAY(Clean_Data[[#This Row],[OrderDate]],2) -> 6 | V143: =INT(Clean_Data[[#This Row],[OrderHour]]/6)+1 -> 4 | W143: =IF(Clean_Data[[#This Row],[Status]]="Delivered",1,0) -> 1 | X143: =IF(Clean_Data[[#This Row],[Status]]="Delivered",IF(Clean_Data[[#This Row],[DeliveryMinutes]]<=Dashboard!$X$5,1,0),0) -> 1 | Y143: =IF(AND(Clean_Data[[#This Row],[OrderDate]]>=Dashboard!$B$5,Clean_Data[[#This Row],[OrderDate]]<=Dashboard!$F$5,OR(Dashboard!$J$5="All",Clean_Data[[#This Row],[Zone]]=Dashboard!$J$5),OR(Dashboard!$P$5="All",Clean_Data[[#This Row],[Category]]=Dashboard!$P$5)),1,0) -> 1 | Z143: =IF(AND(Clean_Data[[#This Row],[Include]]=1,Clean_Data[[#This Row],[DeliveredFlag]]=1),1,0) -> 1 | AA143: =IF(COUNTIF($D$2:D143,D143)=1,ROW()-1,ROWS(Clean_Data[OrderID])+1) -> 142 | AB143: =IF(COUNTIF($F$2:F143,F143)=1,ROW()-1,ROWS(Clean_Data[OrderID])+1) -> 901 | AC143: =IF(COUNTIF($G$2:G143,G143)=1,ROW()-1,ROWS(Clean_Data[OrderID])+1) -> 901 | AD143: =IF(COUNTIF($H$2:H143,H143)=1,ROW()-1,ROWS(Clean_Data[OrderID])+1) -> 901 | AE143: =IF(COUNTIF($V$2:V143,V143)=1,V143,ROWS(Clean_Data[OrderID])+1) -> 901 | AF143: =IF(COUNTIF($U$2:U143,U143)=1,U143,ROWS(Clean_Data[OrderID])+1) -> 901 | AG143: =IF(COUNTIF($E$2:E143,E143)=1,ROW()-1,ROWS(Clean_Data[OrderID])+1) -> 901
A144: G0143 | B144: 46270 | C144: 10 | D144: C195 | E144: Returning | F144: Central | G144: Household | H144: Detergent | I144: 6 | J144: 240 | K144: 0.1 | L144: Cancelled | P144: =Clean_Data[[#This Row],[Quantity]]*Clean_Data[[#This Row],[UnitPrice]] -> 1440 | Q144: =ROUND(Clean_Data[[#This Row],[GrossSales]]*Clean_Data[[#This Row],[DiscountPct]],2) -> 144 | R144: =IF(Clean_Data[[#This Row],[Status]]="Delivered",ROUND(Clean_Data[[#This Row],[GrossSales]]-Clean_Data[[#This Row],[DiscountAmount]],2),0) -> 0 | S144: =IF(Clean_Data[[#This Row],[OrderHour]]<6,"Night",IF(Clean_Data[[#This Row],[OrderHour]]<12,"Morning",IF(Clean_Data[[#This Row],[OrderHour]]<18,"Afternoon","Evening"))) -> Morning | T144: =TEXT(Clean_Data[[#This Row],[OrderDate]],"[$-409]ddd") -> Sat | U144: =WEEKDAY(Clean_Data[[#This Row],[OrderDate]],2) -> 6 | V144: =INT(Clean_Data[[#This Row],[OrderHour]]/6)+1 -> 2 | W144: =IF(Clean_Data[[#This Row],[Status]]="Delivered",1,0) -> 0 | X144: =IF(Clean_Data[[#This Row],[Status]]="Delivered",IF(Clean_Data[[#This Row],[DeliveryMinutes]]<=Dashboard!$X$5,1,0),0) -> 0 | Y144: =IF(AND(Clean_Data[[#This Row],[OrderDate]]>=Dashboard!$B$5,Clean_Data[[#This Row],[OrderDate]]<=Dashboard!$F$5,OR(Dashboard!$J$5="All",Clean_Data[[#This Row],[Zone]]=Dashboard!$J$5),OR(Dashboard!$P$5="All",Clean_Data[[#This Row],[Category]]=Dashboard!$P$5)),1,0) -> 1 | Z144: =IF(AND(Clean_Data[[#This Row],[Include]]=1,Clean_Data[[#This Row],[DeliveredFlag]]=1),1,0) -> 0 | AA144: =IF(COUNTIF($D$2:D144,D144)=1,ROW()-1,ROWS(Clean_Data[OrderID])+1) -> 143 | AB144: =IF(COUNTIF($F$2:F144,F144)=1,ROW()-1,ROWS(Clean_Data[OrderID])+1) -> 901 | AC144: =IF(COUNTIF($G$2:G144,G144)=1,ROW()-1,ROWS(Clean_Data[OrderID])+1) -> 901 | AD144: =IF(COUNTIF($H$2:H144,H144)=1,ROW()-1,ROWS(Clean_Data[OrderID])+1) -> 901 | AE144: =IF(COUNTIF($V$2:V144,V144)=1,V144,ROWS(Clean_Data[OrderID])+1) -> 901 | AF144: =IF(COUNTIF($U$2:U144,U144)=1,U144,ROWS(Clean_Data[OrderID])+1) -> 901 | AG144: =IF(COUNTIF($E$2:E144,E144)=1,ROW()-1,ROWS(Clean_Data[OrderID])+1) -> 901
A145: G0144 | B145: 46270 | C145: 12 | D145: C031 | E145: New | F145: Central | G145: Beverages | H145: Coffee | I145: 4 | J145: 220 | K145: 0.1 | L145: Delivered | M145: 17 | N145: 12 | O145: 5 | P145: =Clean_Data[[#This Row],[Quantity]]*Clean_Data[[#This Row],[UnitPrice]] -> 880 | Q145: =ROUND(Clean_Data[[#This Row],[GrossSales]]*Clean_Data[[#This Row],[DiscountPct]],2) -> 88 | R145: =IF(Clean_Data[[#This Row],[Status]]="Delivered",ROUND(Clean_Data[[#This Row],[GrossSales]]-Clean_Data[[#This Row],[DiscountAmount]],2),0) -> 792 | S145: =IF(Clean_Data[[#This Row],[OrderHour]]<6,"Night",IF(Clean_Data[[#This Row],[OrderHour]]<12,"Morning",IF(Clean_Data[[#This Row],[OrderHour]]<18,"Afternoon","Evening"))) -> Afternoon | T145: =TEXT(Clean_Data[[#This Row],[OrderDate]],"[$-409]ddd") -> Sat | U145: =WEEKDAY(Clean_Data[[#This Row],[OrderDate]],2) -> 6 | V145: =INT(Clean_Data[[#This Row],[OrderHour]]/6)+1 -> 3 | W145: =IF(Clean_Data[[#This Row],[Status]]="Delivered",1,0) -> 1 | X145: =IF(Clean_Data[[#This Row],[Status]]="Delivered",IF(Clean_Data[[#This Row],[DeliveryMinutes]]<=Dashboard!$X$5,1,0),0) -> 1 | Y145: =IF(AND(Clean_Data[[#This Row],[OrderDate]]>=Dashboard!$B$5,Clean_Data[[#This Row],[OrderDate]]<=Dashboard!$F$5,OR(Dashboard!$J$5="All",Clean_Data[[#This Row],[Zone]]=Dashboard!$J$5),OR(Dashboard!$P$5="All",Clean_Data[[#This Row],[Category]]=Dashboard!$P$5)),1,0) -> 1 | Z145: =IF(AND(Clean_Data[[#This Row],[Include]]=1,Clean_Data[[#This Row],[DeliveredFlag]]=1),1,0) -> 1 | AA145: =IF(COUNTIF($D$2:D145,D145)=1,ROW()-1,ROWS(Clean_Data[OrderID])+1) -> 901 | AB145: =IF(COUNTIF($F$2:F145,F145)=1,ROW()-1,ROWS(Clean_Data[OrderID])+1) -> 901 | AC145: =IF(COUNTIF($G$2:G145,G145)=1,ROW()-1,ROWS(Clean_Data[OrderID])+1) -> 901 | AD145: =IF(COUNTIF($H$2:H145,H145)=1,ROW()-1,ROWS(Clean_Data[OrderID])+1) -> 901 | AE145: =IF(COUNTIF($V$2:V145,V145)=1,V145,ROWS(Clean_Data[OrderID])+1) -> 901 | AF145: =IF(COUNTIF($U$2:U145,U145)=1,U145,ROWS(Clean_Data[OrderID])+1) -> 901 | AG145: =IF(COUNTIF($E$2:E145,E145)=1,ROW()-1,ROWS(Clean_Data[OrderID])+1) -> 901
A146: G0145 | B146: 46270 | C146: 8 | D146: C048 | E146: New | F146: North | G146: Household | H146: Dish soap | I146: 3 | J146: 120 | K146: 0 | L146: Delivered | M146: 16 | N146: 9 | O146: 4 | P146: =Clean_Data[[#This Row],[Quantity]]*Clean_Data[[#This Row],[UnitPrice]] -> 360 | Q146: =ROUND(Clean_Data[[#This Row],[GrossSales]]*Clean_Data[[#This Row],[DiscountPct]],2) -> 0 | R146: =IF(Clean_Data[[#This Row],[Status]]="Delivered",ROUND(Clean_Data[[#This Row],[GrossSales]]-Clean_Data[[#This Row],[DiscountAmount]],2),0) -> 360 | S146: =IF(Clean_Data[[#This Row],[OrderHour]]<6,"Night",IF(Clean_Data[[#This Row],[OrderHour]]<12,"Morning",IF(Clean_Data[[#This Row],[OrderHour]]<18,"Afternoon","Evening"))) -> Morning | T146: =TEXT(Clean_Data[[#This Row],[OrderDate]],"[$-409]ddd") -> Sat | U146: =WEEKDAY(Clean_Data[[#This Row],[OrderDate]],2) -> 6 | V146: =INT(Clean_Data[[#This Row],[OrderHour]]/6)+1 -> 2 | W146: =IF(Clean_Data[[#This Row],[Status]]="Delivered",1,0) -> 1 | X146: =IF(Clean_Data[[#This Row],[Status]]="Delivered",IF(Clean_Data[[#This Row],[DeliveryMinutes]]<=Dashboard!$X$5,1,0),0) -> 1 | Y146: =IF(AND(Clean_Data[[#This Row],[OrderDate]]>=Dashboard!$B$5,Clean_Data[[#This Row],[OrderDate]]<=Dashboard!$F$5,OR(Dashboard!$J$5="All",Clean_Data[[#This Row],[Zone]]=Dashboard!$J$5),OR(Dashboard!$P$5="All",Clean_Data[[#This Row],[Category]]=Dashboard!$P$5)),1,0) -> 1 | Z146: =IF(AND(Clean_Data[[#This Row],[Include]]=1,Clean_Data[[#This Row],[DeliveredFlag]]=1),1,0) -> 1 | AA146: =IF(COUNTIF($D$2:D146,D146)=1,ROW()-1,ROWS(Clean_Data[OrderID])+1) -> 145 | AB146: =IF(COUNTIF($F$2:F146,F146)=1,ROW()-1,ROWS(Clean_Data[OrderID])+1) -> 901 | AC146: =IF(COUNTIF($G$2:G146,G146)=1,ROW()-1,ROWS(Clean_Data[OrderID])+1) -> 901 | AD146: =IF(COUNTIF($H$2:H146,H146)=1,ROW()-1,ROWS(Clean_Data[OrderID])+1) -> 901 | AE146: =IF(COUNTIF($V$2:V146,V146)=1,V146,ROWS(Clean_Data[OrderID])+1) -> 901 | AF146: =IF(COUNTIF($U$2:U146,U146)=1,U146,ROWS(Clean_Data[OrderID])+1) -> 901 | AG146: =IF(COUNTIF($E$2:E146,E146)=1,ROW()-1,ROWS(Clean_Data[OrderID])+1) -> 901
A147: G0146 | B147: 46270 | C147: 18 | D147: C190 | E147: Returning | F147: East | G147: Bakery | H147: Cookies | I147: 5 | J147: 110 | K147: 0.15 | L147: Delivered | M147: 15 | N147: 5 | O147: 4 | P147: =Clean_Data[[#This Row],[Quantity]]*Clean_Data[[#This Row],[UnitPrice]] -> 550 | Q147: =ROUND(Clean_Data[[#This Row],[GrossSales]]*Clean_Data[[#This Row],[DiscountPct]],2) -> 82.5 | R147: =IF(Clean_Data[[#This Row],[Status]]="Delivered",ROUND(Clean_Data[[#This Row],[GrossSales]]-Clean_Data[[#This Row],[DiscountAmount]],2),0) -> 467.5 | S147: =IF(Clean_Data[[#This Row],[OrderHour]]<6,"Night",IF(Clean_Data[[#This Row],[OrderHour]]<12,"Morning",IF(Clean_Data[[#This Row],[OrderHour]]<18,"Afternoon","Evening"))) -> Evening | T147: =TEXT(Clean_Data[[#This Row],[OrderDate]],"[$-409]ddd") -> Sat | U147: =WEEKDAY(Clean_Data[[#This Row],[OrderDate]],2) -> 6 | V147: =INT(Clean_Data[[#This Row],[OrderHour]]/6)+1 -> 4 | W147: =IF(Clean_Data[[#This Row],[Status]]="Delivered",1,0) -> 1 | X147: =IF(Clean_Data[[#This Row],[Status]]="Delivered",IF(Clean_Data[[#This Row],[DeliveryMinutes]]<=Dashboard!$X$5,1,0),0) -> 1 | Y147: =IF(AND(Clean_Data[[#This Row],[OrderDate]]>=Dashboard!$B$5,Clean_Data[[#This Row],[OrderDate]]<=Dashboard!$F$5,OR(Dashboard!$J$5="All",Clean_Data[[#This Row],[Zone]]=Dashboard!$J$5),OR(Dashboard!$P$5="All",Clean_Data[[#This Row],[Category]]=Dashboard!$P$5)),1,0) -> 1 | Z147: =IF(AND(Clean_Data[[#This Row],[Include]]=1,Clean_Data[[#This Row],[DeliveredFlag]]=1),1,0) -> 1 | AA147: =IF(COUNTIF($D$2:D147,D147)=1,ROW()-1,ROWS(Clean_Data[OrderID])+1) -> 146 | AB147: =IF(COUNTIF($F$2:F147,F147)=1,ROW()-1,ROWS(Clean_Data[OrderID])+1) -> 901 | AC147: =IF(COUNTIF($G$2:G147,G147)=1,ROW()-1,ROWS(Clean_Data[OrderID])+1) -> 901 | AD147: =IF(COUNTIF($H$2:H147,H147)=1,ROW()-1,ROWS(Clean_Data[OrderID])+1) -> 901 | AE147: =IF(COUNTIF($V$2:V147,V147)=1,V147,ROWS(Clean_Data[OrderID])+1) -> 901 | AF147: =IF(COUNTIF($U$2:U147,U147)=1,U147,ROWS(Clean_Data[OrderID])+1) -> 901 | AG147: =IF(COUNTIF($E$2:E147,E147)=1,ROW()-1,ROWS(Clean_Data[OrderID])+1) -> 901
A148: G0147 | B148: 46270 | C148: 10 | D148: C156 | E148: Returning | F148: South | G148: Dairy | H148: Milk | I148: 1 | J148: 62 | K148: 0.15 | L148: Delivered | M148: 15 | N148: 9 | O148: 4 | P148: =Clean_Data[[#This Row],[Quantity]]*Clean_Data[[#This Row],[UnitPrice]] -> 62 | Q148: =ROUND(Clean_Data[[#This Row],[GrossSales]]*Clean_Data[[#This Row],[DiscountPct]],2) -> 9.3 | R148: =IF(Clean_Data[[#This Row],[Status]]="Delivered",ROUND(Clean_Data[[#This Row],[GrossSales]]-Clean_Data[[#This Row],[DiscountAmount]],2),0) -> 52.7 | S148: =IF(Clean_Data[[#This Row],[OrderHour]]<6,"Night",IF(Clean_Data[[#This Row],[OrderHour]]<12,"Morning",IF(Clean_Data[[#This Row],[OrderHour]]<18,"Afternoon","Evening"))) -> Morning | T148: =TEXT(Clean_Data[[#This Row],[OrderDate]],"[$-409]ddd") -> Sat | U148: =WEEKDAY(Clean_Data[[#This Row],[OrderDate]],2) -> 6 | V148: =INT(Clean_Data[[#This Row],[OrderHour]]/6)+1 -> 2 | W148: =IF(Clean_Data[[#This Row],[Status]]="Delivered",1,0) -> 1 | X148: =IF(Clean_Data[[#This Row],[Status]]="Delivered",IF(Clean_Data[[#This Row],[DeliveryMinutes]]<=Dashboard!$X$5,1,0),0) -> 1 | Y148: =IF(AND(Clean_Data[[#This Row],[OrderDate]]>=Dashboard!$B$5,Clean_Data[[#This Row],[OrderDate]]<=Dashboard!$F$5,OR(Dashboard!$J$5="All",Clean_Data[[#This Row],[Zone]]=Dashboard!$J$5),OR(Dashboard!$P$5="All",Clean_Data[[#This Row],[Category]]=Dashboard!$P$5)),1,0) -> 1 | Z148: =IF(AND(Clean_Data[[#This Row],[Include]]=1,Clean_Data[[#This Row],[DeliveredFlag]]=1),1,0) -> 1 | AA148: =IF(COUNTIF($D$2:D148,D148)=1,ROW()-1,ROWS(Clean_Data[OrderID])+1) -> 901 | AB148: =IF(COUNTIF($F$2:F148,F148)=1,ROW()-1,ROWS(Clean_Data[OrderID])+1) -> 901 | AC148: =IF(COUNTIF($G$2:G148,G148)=1,ROW()-1,ROWS(Clean_Data[OrderID])+1) -> 901 | AD148: =IF(COUNTIF($H$2:H148,H148)=1,ROW()-1,ROWS(Clean_Data[OrderID])+1) -> 901 | AE148: =IF(COUNTIF($V$2:V148,V148)=1,V148,ROWS(Clean_Data[OrderID])+1) -> 901 | AF148: =IF(COUNTIF($U$2:U148,U148)=1,U148,ROWS(Clean_Data[OrderID])+1) -> 901 | AG148: =IF(COUNTIF($E$2:E148,E148)=1,ROW()-1,ROWS(Clean_Data[OrderID])+1) -> 901
A149: G0148 | B149: 46270 | C149: 12 | D149: C186 | E149: Returning | F149: Central | G149: Household | H149: Detergent | I149: 4 | J149: 240 | K149: 0 | L149: Delivered | M149: 35 | N149: 13 | O149: 3 | P149: =Clean_Data[[#This Row],[Quantity]]*Clean_Data[[#This Row],[UnitPrice]] -> 960 | Q149: =ROUND(Clean_Data[[#This Row],[GrossSales]]*Clean_Data[[#This Row],[DiscountPct]],2) -> 0 | R149: =IF(Clean_Data[[#This Row],[Status]]="Delivered",ROUND(Clean_Data[[#This Row],[GrossSales]]-Clean_Data[[#This Row],[DiscountAmount]],2),0) -> 960 | S149: =IF(Clean_Data[[#This Row],[OrderHour]]<6,"Night",IF(Clean_Data[[#This Row],[OrderHour]]<12,"Morning",IF(Clean_Data[[#This Row],[OrderHour]]<18,"Afternoon","Evening"))) -> Afternoon | T149: =TEXT(Clean_Data[[#This Row],[OrderDate]],"[$-409]ddd") -> Sat | U149: =WEEKDAY(Clean_Data[[#This Row],[OrderDate]],2) -> 6 | V149: =INT(Clean_Data[[#This Row],[OrderHour]]/6)+1 -> 3 | W149: =IF(Clean_Data[[#This Row],[Status]]="Delivered",1,0) -> 1 | X149: =IF(Clean_Data[[#This Row],[Status]]="Delivered",IF(Clean_Data[[#This Row],[DeliveryMinutes]]<=Dashboard!$X$5,1,0),0) -> 0 | Y149: =IF(AND(Clean_Data[[#This Row],[OrderDate]]>=Dashboard!$B$5,Clean_Data[[#This Row],[OrderDate]]<=Dashboard!$F$5,OR(Dashboard!$J$5="All",Clean_Data[[#This Row],[Zone]]=Dashboard!$J$5),OR(Dashboard!$P$5="All",Clean_Data[[#This Row],[Category]]=Dashboard!$P$5)),1,0) -> 1 | Z149: =IF(AND(Clean_Data[[#This Row],[Include]]=1,Clean_Data[[#This Row],[DeliveredFlag]]=1),1,0) -> 1 | AA149: =IF(COUNTIF($D$2:D149,D149)=1,ROW()-1,ROWS(Clean_Data[OrderID])+1) -> 901 | AB149: =IF(COUNTIF($F$2:F149,F149)=1,ROW()-1,ROWS(Clean_Data[OrderID])+1) -> 901 | AC149: =IF(COUNTIF($G$2:G149,G149)=1,ROW()-1,ROWS(Clean_Data[OrderID])+1) -> 901 | AD149: =IF(COUNTIF($H$2:H149,H149)=1,ROW()-1,ROWS(Clean_Data[OrderID])+1) -> 901 | AE149: =IF(COUNTIF($V$2:V149,V149)=1,V149,ROWS(Clean_Data[OrderID])+1) -> 901 | AF149: =IF(COUNTIF($U$2:U149,U149)=1,U149,ROWS(Clean_Data[OrderID])+1) -> 901 | AG149: =IF(COUNTIF($E$2:E149,E149)=1,ROW()-1,ROWS(Clean_Data[OrderID])+1) -> 901
A150: G0149 | B150: 46270 | C150: 18 | D150: C221 | E150: Returning | F150: North | G150: Snacks | H150: Chips | I150: 6 | J150: 40 | K150: 0 | L150: Delivered | M150: 15 | N150: 8 | O150: 4 | P150: =Clean_Data[[#This Row],[Quantity]]*Clean_Data[[#This Row],[UnitPrice]] -> 240 | Q150: =ROUND(Clean_Data[[#This Row],[GrossSales]]*Clean_Data[[#This Row],[DiscountPct]],2) -> 0 | R150: =IF(Clean_Data[[#This Row],[Status]]="Delivered",ROUND(Clean_Data[[#This Row],[GrossSales]]-Clean_Data[[#This Row],[DiscountAmount]],2),0) -> 240 | S150: =IF(Clean_Data[[#This Row],[OrderHour]]<6,"Night",IF(Clean_Data[[#This Row],[OrderHour]]<12,"Morning",IF(Clean_Data[[#This Row],[OrderHour]]<18,"Afternoon","Evening"))) -> Evening | T150: =TEXT(Clean_Data[[#This Row],[OrderDate]],"[$-409]ddd") -> Sat | U150: =WEEKDAY(Clean_Data[[#This Row],[OrderDate]],2) -> 6 | V150: =INT(Clean_Data[[#This Row],[OrderHour]]/6)+1 -> 4 | W150: =IF(Clean_Data[[#This Row],[Status]]="Delivered",1,0) -> 1 | X150: =IF(Clean_Data[[#This Row],[Status]]="Delivered",IF(Clean_Data[[#This Row],[DeliveryMinutes]]<=Dashboard!$X$5,1,0),0) -> 1 | Y150: =IF(AND(Clean_Data[[#This Row],[OrderDate]]>=Dashboard!$B$5,Clean_Data[[#This Row],[OrderDate]]<=Dashboard!$F$5,OR(Dashboard!$J$5="All",Clean_Data[[#This Row],[Zone]]=Dashboard!$J$5),OR(Dashboard!$P$5="All",Clean_Data[[#This Row],[Category]]=Dashboard!$P$5)),1,0) -> 1 | Z150: =IF(AND(Clean_Data[[#This Row],[Include]]=1,Clean_Data[[#This Row],[DeliveredFlag]]=1),1,0) -> 1 | AA150: =IF(COUNTIF($D$2:D150,D150)=1,ROW()-1,ROWS(Clean_Data[OrderID])+1) -> 149 | AB150: =IF(COUNTIF($F$2:F150,F150)=1,ROW()-1,ROWS(Clean_Data[OrderID])+1) -> 901 | AC150: =IF(COUNTIF($G$2:G150,G150)=1,ROW()-1,ROWS(Clean_Data[OrderID])+1) -> 901 | AD150: =IF(COUNTIF($H$2:H150,H150)=1,ROW()-1,ROWS(Clean_Data[OrderID])+1) -> 901 | AE150: =IF(COUNTIF($V$2:V150,V150)=1,V150,ROWS(Clean_Data[OrderID])+1) -> 901 | AF150: =IF(COUNTIF($U$2:U150,U150)=1,U150,ROWS(Clean_Data[OrderID])+1) -> 901 | AG150: =IF(COUNTIF($E$2:E150,E150)=1,ROW()-1,ROWS(Clean_Data[OrderID])+1) -> 901
A151: G0150 | B151: 46270 | C151: 14 | D151: C253 | E151: Returning | F151: East | G151: Produce | H151: Tomatoes | I151: 2 | J151: 45 | K151: 0 | L151: Delivered | M151: 14 | N151: 4 | O151: 4 | P151: =Clean_Data[[#This Row],[Quantity]]*Clean_Data[[#This Row],[UnitPrice]] -> 90 | Q151: =ROUND(Clean_Data[[#This Row],[GrossSales]]*Clean_Data[[#This Row],[DiscountPct]],2) -> 0 | R151: =IF(Clean_Data[[#This Row],[Status]]="Delivered",ROUND(Clean_Data[[#This Row],[GrossSales]]-Clean_Data[[#This Row],[DiscountAmount]],2),0) -> 90 | S151: =IF(Clean_Data[[#This Row],[OrderHour]]<6,"Night",IF(Clean_Data[[#This Row],[OrderHour]]<12,"Morning",IF(Clean_Data[[#This Row],[OrderHour]]<18,"Afternoon","Evening"))) -> Afternoon | T151: =TEXT(Clean_Data[[#This Row],[OrderDate]],"[$-409]ddd") -> Sat | U151: =WEEKDAY(Clean_Data[[#This Row],[OrderDate]],2) -> 6 | V151: =INT(Clean_Data[[#This Row],[OrderHour]]/6)+1 -> 3 | W151: =IF(Clean_Data[[#This Row],[Status]]="Delivered",1,0) -> 1 | X151: =IF(Clean_Data[[#This Row],[Status]]="Delivered",IF(Clean_Data[[#This Row],[DeliveryMinutes]]<=Dashboard!$X$5,1,0),0) -> 1 | Y151: =IF(AND(Clean_Data[[#This Row],[OrderDate]]>=Dashboard!$B$5,Clean_Data[[#This Row],[OrderDate]]<=Dashboard!$F$5,OR(Dashboard!$J$5="All",Clean_Data[[#This Row],[Zone]]=Dashboard!$J$5),OR(Dashboard!$P$5="All",Clean_Data[[#This Row],[Category]]=Dashboard!$P$5)),1,0) -> 1 | Z151: =IF(AND(Clean_Data[[#This Row],[Include]]=1,Clean_Data[[#This Row],[DeliveredFlag]]=1),1,0) -> 1 | AA151: =IF(COUNTIF($D$2:D151,D151)=1,ROW()-1,ROWS(Clean_Data[OrderID])+1) -> 150 | AB151: =IF(COUNTIF($F$2:F151,F151)=1,ROW()-1,ROWS(Clean_Data[OrderID])+1) -> 901 | AC151: =IF(COUNTIF($G$2:G151,G151)=1,ROW()-1,ROWS(Clean_Data[OrderID])+1) -> 901 | AD151: =IF(COUNTIF($H$2:H151,H151)=1,ROW()-1,ROWS(Clean_Data[OrderID])+1) -> 901 | AE151: =IF(COUNTIF($V$2:V151,V151)=1,V151,ROWS(Clean_Data[OrderID])+1) -> 901 | AF151: =IF(COUNTIF($U$2:U151,U151)=1,U151,ROWS(Clean_Data[OrderID])+1) -> 901 | AG151: =IF(COUNTIF($E$2:E151,E151)=1,ROW()-1,ROWS(Clean_Data[OrderID])+1) -> 901
A152: G0151 | B152: 46271 | C152: 13 | D152: C289 | E152: Returning | F152: South | G152: Snacks | H152: Nuts | I152: 4 | J152: 180 | K152: 0 | L152: Delivered | M152: 24 | N152: 4 | O152: 3 | P152: =Clean_Data[[#This Row],[Quantity]]*Clean_Data[[#This Row],[UnitPrice]] -> 720 | Q152: =ROUND(Clean_Data[[#This Row],[GrossSales]]*Clean_Data[[#This Row],[DiscountPct]],2) -> 0 | R152: =IF(Clean_Data[[#This Row],[Status]]="Delivered",ROUND(Clean_Data[[#This Row],[GrossSales]]-Clean_Data[[#This Row],[DiscountAmount]],2),0) -> 720 | S152: =IF(Clean_Data[[#This Row],[OrderHour]]<6,"Night",IF(Clean_Data[[#This Row],[OrderHour]]<12,"Morning",IF(Clean_Data[[#This Row],[OrderHour]]<18,"Afternoon","Evening"))) -> Afternoon | T152: =TEXT(Clean_Data[[#This Row],[OrderDate]],"[$-409]ddd") -> Sun | U152: =WEEKDAY(Clean_Data[[#This Row],[OrderDate]],2) -> 7 | V152: =INT(Clean_Data[[#This Row],[OrderHour]]/6)+1 -> 3 | W152: =IF(Clean_Data[[#This Row],[Status]]="Delivered",1,0) -> 1 | X152: =IF(Clean_Data[[#This Row],[Status]]="Delivered",IF(Clean_Data[[#This Row],[DeliveryMinutes]]<=Dashboard!$X$5,1,0),0) -> 1 | Y152: =IF(AND(Clean_Data[[#This Row],[OrderDate]]>=Dashboard!$B$5,Clean_Data[[#This Row],[OrderDate]]<=Dashboard!$F$5,OR(Dashboard!$J$5="All",Clean_Data[[#This Row],[Zone]]=Dashboard!$J$5),OR(Dashboard!$P$5="All",Clean_Data[[#This Row],[Category]]=Dashboard!$P$5)),1,0) -> 1 | Z152: =IF(AND(Clean_Data[[#This Row],[Include]]=1,Clean_Data[[#This Row],[DeliveredFlag]]=1),1,0) -> 1 | AA152: =IF(COUNTIF($D$2:D152,D152)=1,ROW()-1,ROWS(Clean_Data[OrderID])+1) -> 151 | AB152: =IF(COUNTIF($F$2:F152,F152)=1,ROW()-1,ROWS(Clean_Data[OrderID])+1) -> 901 | AC152: =IF(COUNTIF($G$2:G152,G152)=1,ROW()-1,ROWS(Clean_Data[OrderID])+1) -> 901 | AD152: =IF(COUNTIF($H$2:H152,H152)=1,ROW()-1,ROWS(Clean_Data[OrderID])+1) -> 901 | AE152: =IF(COUNTIF($V$2:V152,V152)=1,V152,ROWS(Clean_Data[OrderID])+1) -> 901 | AF152: =IF(COUNTIF($U$2:U152,U152)=1,U152,ROWS(Clean_Data[OrderID])+1) -> 7 | AG152: =IF(COUNTIF($E$2:E152,E152)=1,ROW()-1,ROWS(Clean_Data[OrderID])+1) -> 901
A153: G0152 | B153: 46271 | C153: 17 | D153: C120 | E153: Returning | F153: South | G153: Bakery | H153: Croissants | I153: 2 | J153: 95 | K153: 0.1 | L153: Delivered | M153: 32 | N153: 10 | O153: 4 | P153: =Clean_Data[[#This Row],[Quantity]]*Clean_Data[[#This Row],[UnitPrice]] -> 190 | Q153: =ROUND(Clean_Data[[#This Row],[GrossSales]]*Clean_Data[[#This Row],[DiscountPct]],2) -> 19 | R153: =IF(Clean_Data[[#This Row],[Status]]="Delivered",ROUND(Clean_Data[[#This Row],[GrossSales]]-Clean_Data[[#This Row],[DiscountAmount]],2),0) -> 171 | S153: =IF(Clean_Data[[#This Row],[OrderHour]]<6,"Night",IF(Clean_Data[[#This Row],[OrderHour]]<12,"Morning",IF(Clean_Data[[#This Row],[OrderHour]]<18,"Afternoon","Evening"))) -> Afternoon | T153: =TEXT(Clean_Data[[#This Row],[OrderDate]],"[$-409]ddd") -> Sun | U153: =WEEKDAY(Clean_Data[[#This Row],[OrderDate]],2) -> 7 | V153: =INT(Clean_Data[[#This Row],[OrderHour]]/6)+1 -> 3 | W153: =IF(Clean_Data[[#This Row],[Status]]="Delivered",1,0) -> 1 | X153: =IF(Clean_Data[[#This Row],[Status]]="Delivered",IF(Clean_Data[[#This Row],[DeliveryMinutes]]<=Dashboard!$X$5,1,0),0) -> 0 | Y153: =IF(AND(Clean_Data[[#This Row],[OrderDate]]>=Dashboard!$B$5,Clean_Data[[#This Row],[OrderDate]]<=Dashboard!$F$5,OR(Dashboard!$J$5="All",Clean_Data[[#This Row],[Zone]]=Dashboard!$J$5),OR(Dashboard!$P$5="All",Clean_Data[[#This Row],[Category]]=Dashboard!$P$5)),1,0) -> 1 | Z153: =IF(AND(Clean_Data[[#This Row],[Include]]=1,Clean_Data[[#This Row],[DeliveredFlag]]=1),1,0) -> 1 | AA153: =IF(COUNTIF($D$2:D153,D153)=1,ROW()-1,ROWS(Clean_Data[OrderID])+1) -> 901 | AB153: =IF(COUNTIF($F$2:F153,F153)=1,ROW()-1,ROWS(Clean_Data[OrderID])+1) -> 901 | AC153: =IF(COUNTIF($G$2:G153,G153)=1,ROW()-1,ROWS(Clean_Data[OrderID])+1) -> 901 | AD153: =IF(COUNTIF($H$2:H153,H153)=1,ROW()-1,ROWS(Clean_Data[OrderID])+1) -> 901 | AE153: =IF(COUNTIF($V$2:V153,V153)=1,V153,ROWS(Clean_Data[OrderID])+1) -> 901 | AF153: =IF(COUNTIF($U$2:U153,U153)=1,U153,ROWS(Clean_Data[OrderID])+1) -> 901 | AG153: =IF(COUNTIF($E$2:E153,E153)=1,ROW()-1,ROWS(Clean_Data[OrderID])+1) -> 901
